id,site,job_url,job_url_direct,title,company,location,date_posted,job_type,salary_source,interval,min_amount,max_amount,currency,is_remote,job_level,job_function,listing_type,emails,description,company_industry,company_url,company_logo,company_url_direct,company_addresses,company_num_employees,company_revenue,company_description,skills,experience_range,company_rating,company_reviews_count,vacancy_count,work_from_home_type
in-0e9667d05a59bd93,indeed,https://in.indeed.com/viewjob?jk=0e9667d05a59bd93,http://in.indeed.com/job/full-stack-developer-0e9667d05a59bd93,Full Stack Developer,GOLDCASH LIMITED,"HR, IN",2026-06-23,fulltime,,,,,,False,,,,,"Key Responsibilities:

* Develop, test, deploy, and maintain scalable web applications.
* Build responsive and mobile\-friendly user interfaces.
* Develop backend services, APIs, and database structures.
* Integrate third\-party APIs and external platforms.
* Ensure application security, performance, and scalability.
* Troubleshoot and resolve technical issues across the application stack.
* Write clean, maintainable, and well\-documented code.
* Collaborate with cross\-functional teams to deliver business requirements.
* Design intuitive and visually appealing user interfaces.
* Create wireframes, mockups, user flows, and prototypes.
* Conduct UI/UX research and recommend usability improvements.
* Ensure consistency in design language, branding, and user experience.
* Optimize user journeys to improve engagement and efficiency.
* Work closely with stakeholders to understand user requirements and pain points.
* Implement modern design principles and accessibility standards.

Required Skills \& Qualifications:

* HTML, CSS, JavaScript, TypeScript
* React.js, Next.js, Angular, or Vue.js
* Bootstrap, Tailwind CSS, Material UI
* Responsive and cross\-browser development
* Node.js, Express.js, Python, PHP, Java, or .NET
* RESTful APIs and API integrations
* Authentication and authorization systems
* MySQL, PostgreSQL, MongoDB, or equivalent databases
* Figma
* Adobe XD
* Photoshop or Illustrator (preferred)
* Wireframing and prototyping tools
* User\-centered design principles

Additional Skills

* Git and version control systems
* Cloud platforms (AWS, Azure, Google Cloud)
* Basic DevOps and CI/CD understanding
* Knowledge of SEO and web performance optimization

Experience

* 2–5\+ years of experience in Full Stack Development.
* Proven experience designing and developing user\-centric web applications.
* Portfolio showcasing UI/UX design work and completed projects is preferred.

Key Competencies

* Strong problem\-solving and analytical skills.
* Creativity with attention to detail.
* Ability to convert business requirements into technical and design solutions.
* Strong communication and stakeholder management skills.
* Ability to manage multiple projects and deadlines.

Preferred Experience

* Experience in fintech, financial services, CRM, ERP, or multi\-location business applications.
* Experience building dashboards, admin panels, customer portals, and mobile\-responsive platforms.
* Understanding of customer journey mapping and user behavior analytics.

Pay: ₹20,000\.00 \- ₹50,000\.00 per month

Benefits:

* Provident Fund

Work Location: In person",,https://in.indeed.com/cmp/Goldcash-Limited,,,,,,,,,,,,
in-3dce531e431c8d7c,indeed,https://in.indeed.com/viewjob?jk=3dce531e431c8d7c,http://in.indeed.com/job/vue-developer-3dce531e431c8d7c,Vue Developer,Farenexus Solutions pvt. ltd. Mohali,"PB, IN",2026-06-23,fulltime,,,,,,True,,,,,"We are looking for a **Frontend Developer with Vue.js** to join our team in our Mohali office.

**Farenexus Group** empowers companies with corporate booking solutions, contract management, process automation, customer/vendor management and data\-driven insights to transform into more efficient operations. We continue to reduce operational costs with our innovative digital products and services. Our strategy is designed to create value products by leveraging the company’s many strengths. These include its global leadership in the field of Aviation, Information Technology and Data Analytics, a highly productive development capability and a distinctive company culture that focuses on delivering innovative products that improve the end\-user's business.

**Requirement**

· 3\+ years of experience in Vue.js with Vue2 \& Vue3 with JavaScript as well as TypeScript.

· Good knowledge of the Vue.js framework and related components such as Vuex and Vue Router

· Knowledge about option as well as composition API.

· Experience in working with Vuex and Pinia.

· Experience with standard tools and services in JavaScript front\-end development and software development, such as Git (GitHub/GitLab/Bitbucket/Aws), NPM, Next Framework (v2 and v3\)

· The ability to work as part of a team, taking ownership of individual components and following coding guidelines to create performant components that fit into more comprehensive projects.

· Experience with integrating and maintaining external software libraries and APIs.

**Roles and Responsibilities**

* Develop and maintain user\-facing features using Next.js and Vue.js.
* Ensure the technical feasibility of UI/UX designs and implement them into a fully functional web application.
* Implement efficient and scalable state management using Vuex to handle the application's data flow and state.
* Integrate with backend services and RESTful APIs to fetch and update data in the application.
* Create responsive and cross\-browser compatible web applications to ensure a seamless user experience across different devices and platforms.
* Identify and fix performance bottlenecks, ensuring the applications are optimized for speed and responsiveness.
* Collaborate with cross\-functional teams, including designers and backend developers, to deliver high\-quality software solutions.
* Participate in code reviews to maintain code quality and ensure that best practices are followed.

Job Types: Full\-time, Permanent, Graduate

Pay: ₹400,000\.00 \- ₹700,000\.00 per year

Benefits:

* Work from home",,https://in.indeed.com/cmp/Farenexus-Solutions-Pvt.-Ltd.-Mohali,,,,,,,,,,,,
in-a310d5aae0abfa26,indeed,https://in.indeed.com/viewjob?jk=a310d5aae0abfa26,http://in.indeed.com/job/net-full-stack-developer-a310d5aae0abfa26,.NET Full Stack Developer,FasTrax Infotech,"GJ, IN",2026-06-23,fulltime,,,,,,False,,,,,"**Key Responsibilities:** 

* Design, develop, and maintain scalable web applications using the .NET framework and associated technologies.
* Collaborate with product managers, designers, and other developers to translate business requirements into technical solutions.
* Develop and maintain front\-end components using modern JavaScript frameworks (e.g., Angular, React, or Vue.js).
* Write clean, maintainable, and efficient code following best practices for software development.
* Build and integrate RESTful APIs and third\-party services.
* Optimize application performance and ensure high responsiveness and scalability.
* Implement and maintain secure coding practices to protect applications from vulnerabilities.
* Perform unit testing, integration testing, and debugging to ensure software quality.
* Participate in code reviews and provide constructive feedback to peers.
* Stay updated with the latest technologies, tools, and best practices in .NET development.
* Maintain documentation for software design, development processes, and deployment procedures.

**Required Skills:**

* Proven experience as a .NET Developer or similar role.
* Strong proficiency in C\# and the .NET framework.
* Hands\-on experience with front\-end technologies such as HTML5, CSS3, JavaScript, and modern frameworks (Angular, React, or Vue.js).
* Solid understanding of database technologies, including SQL Server and Entity Framework.
* Experience with RESTful API development and integration.
* Familiarity with version control systems like Git.
* Knowledge of cloud platforms (e.g., Azure, AWS) is a plus.
* Excellent problem\-solving skills and attention to detail.
* Strong communication and collaboration skills.
* Ability to work in an Agile/Scrum development environment.

**Shift Information:**

* 1:00 PM \- 10:00 PM IST
* Mon \- Fri (5 days Working)

Pay: ₹85,000\.00 \- ₹95,000\.00 per month

Benefits:

* Paid sick time
* Paid time off
* Provident Fund

Work Location: In person",,https://in.indeed.com/cmp/Fastrax-Infotech,,https://www.ftxinfotech.com/,,,,,,,,,,
in-3e2e52fab2207386,indeed,https://in.indeed.com/viewjob?jk=3e2e52fab2207386,http://in.indeed.com/job/freshers-frontend-full-stack-3e2e52fab2207386,Freshers: Frontend / Full stack,SprigStack,"GJ, IN",2026-06-23,fulltime,,,,,,False,,,,,"We are seeking motivated Fresher Developers, **specially who have Hands On practice** in **itnernships previously.**   
**We have 2 positions open for freshers.**   
One will work on Frontend developement or fullstack developement  
and another will work with integrating AI capabilities into modern software applications while continuing to strengthen core development skills.

**Roles \& Responsibilities:**

* Develop responsive and user\-friendly web applications.
* Build and maintain front\-end interfaces using modern JavaScript frameworks.
* Collaborate with UI/UX designers to implement designs accurately.
* Develop and integrate REST APIs and backend services.
* Write clean, maintainable, and reusable code.
* Participate in code reviews and team discussions.
* Debug and resolve application issues and performance bottlenecks.
* Test applications to ensure functionality and quality.
* Work with databases for data storage and retrieval.
* Assist in deployment, maintenance, and enhancement of applications.
* Stay updated with emerging web development technologies and best practices.

**Required Skills**

* Knowledge of HTML, CSS, JavaScript, and responsive web design.
* Understanding of React.js, Angular, Vue.js, or similar frameworks.
* Basic knowledge of Node.js, PHP, Python, .NET, or other backend technologies.
* Familiarity with REST APIs.
* Understanding of SQL or NoSQL databases.
* Knowledge of Git version control.
* Strong analytical and problem\-solving skills.
* Good communication and teamwork abilities.

Benefits:

* Flexible schedule

Work Location: In person",,https://in.indeed.com/cmp/Sprigstack,,,,,,,,,,,,
in-2a64b884a2156261,indeed,https://in.indeed.com/viewjob?jk=2a64b884a2156261,https://grnh.se/kq27feo2teu,"Senior Software Engineer, Actimize (Java/Python, UI, AI)",NiCE,"MH, IN",2026-06-23,,,,,,,True,,,,,"At NiCE, we don't limit our challenges. We challenge our limits. Always. We're ambitious. We're game changers. And we play to win. We set the highest standards and execute beyond them. And if you're like us, we can offer you the ultimate career opportunity that will light a fire within you.

**So, what's the role all about?**



As a **Senior** **Software Developer** with strong fundamentals in **Python, UI, Algorithms \& Data Structures, and AWS** you will build scalable, cloud\-native systems and contribute to AI\-driven platform initiatives. You will be responsible for developing this platform for Actimize cloud\-based solutions and to work with cutting edge cloud technologies.


**How will you make an impact?**


* Design and develop quality, proficient and well documented technical solutions in AWS cloud and AI that satisfy business requirements and meet corporate architectural standards.
* Develop solid unit, integration, and automation tests according to organizational standards.
* Assist in troubleshooting and maintenance of existing software applications; identify and implement additional improvements when warranted; work with external stakeholders as needed.
* Develop technical models / design for assigned components.
* Contribute to and drive technological and architectural decisions.
* Work with Scrum Team, as well as internal and external stakeholders, to influence and drive decision making and support organizational project or product teams.


**Have you got what it takes?**

* Bachelor's or master's degree in computer science, Data Engineering, or a related field.
* 4 to 7 years of hands\-on software development experience preferred
* Strong hands\-on experience in **Python/Java and React/Vue.js**
* **Full Stack experience to work on UI, DB, Backend, Cloud**
* Deep understanding of Algorithms \& Data Structures
* Solid experience with AWS (EC2, Lambda, S3, API Gateway, IAM, RDS/DynamoDB, Bedrock)
* Experience building REST APIs or backend services
* ***Experience using LLMs and AI Tools is a must***
* Strong problem\-solving and system design skills
* Good communication with peers, subordinates and managers


**You will have an advantage if you also have:**


* Terraform (Infrastructure as Code)
* Docker (containerization)
* Jenkins (CI/CD pipelines)
* Familiarity with Agentic AI frameworks
* Familiarity with LangChain / LangGraph. Front\-end development experience
* AWS Certification
* Embeddings \& vector databases (FAISS, Pinecone, OpenSearch, etc.)


**What's in it for you?**



Join an ever\-growing, market disrupting, global company where the teams – comprised of the best of the best – work in a fast\-paced, collaborative, and creative environment! As the market leader, every day at NiCE is a chance to learn and grow, and there are endless internal career opportunities across multiple roles, disciplines, domains, and locations. If you are passionate, innovative, and excited to constantly raise the bar, you may just be our next NiCEr!


**Enjoy NiCE\-FLEX!**

At NiCE, we work according to the NiCE\-FLEX hybrid model, which enables maximum flexibility: 2 days working from the office and 3 days of remote work, each week. Naturally, office days focus on face\-to\-face meetings, where teamwork and collaborative thinking generate innovation, new ideas, and a vibrant, interactive atmosphere.


**Requisition ID: 11029**  

**Reporting into:** Tech Manager  

**Role Type:** Individual Contributor

***About NiCE***

*NICE Ltd. (NASDAQ: NICE) software products are used by 25,000\+ global businesses, including 85 of the Fortune 100 corporations, to deliver extraordinary customer experiences, fight financial crime and ensure public safety. Every day, NiCE software manages more than 120 million customer interactions and monitors 3\+ billion financial transactions.*

*Known as an innovation powerhouse that excels in AI, cloud and digital, NiCE is consistently recognized as the market leader in its domains, with over 8,500 employees across 30\+ countries.*

*NiCE is proud to be an equal opportunity employer. All qualified applicants will receive consideration for employment without regard to race, color, religion, national origin, age, sex, marital status, ancestry, neurotype, physical or mental disability, veteran status, gender identity, sexual orientation or any other category protected by law.*",,https://in.indeed.com/cmp/Nice-0a1ef543,https://d2q79iu7y748jz.cloudfront.net/s/_squarelogo/256x256/63670479b0386b9f54e57baa4222f352,https://www.nice.com/,"Hoboken, NJ","5,001 to 10,000",$1B to $5B (USD),NiCE is transforming the world with AI that puts people first.,,,,,,
in-1cc627d98ff00323,indeed,https://in.indeed.com/viewjob?jk=1cc627d98ff00323,http://in.indeed.com/job/junior-web-developer-intern-1cc627d98ff00323,Junior Web Developer Intern,Zinivd,"TN, IN",2026-06-23,"fulltime, internship",,,,,,True,,,,,"**Location:** Salem, Tamil Nadu (Hybrid)

**Duration:** 3 Months

**Stipend:** Starting at ₹6,000/month (performance\-based increments available)

**About the Role**

We are looking for a motivated and eager Junior Web Developer Intern to join our team in Salem. This internship is designed to provide hands\-on experience in real\-world web development projects. You will work closely with our senior developers to design, build, and maintain high\-quality web applications.

This is a **hybrid role**, offering a blend of in\-office collaboration and remote flexibility, allowing you to grow your technical skills in a professional environment.

Key Responsibilities

* **Web Development:** Assist in developing and maintaining front\-end and back\-end components of websites and web applications.
* **Coding \& Debugging:** Write clean, efficient, and testable code while identifying and resolving bugs.
* **Collaboration:** Work alongside senior developers, designers, and project managers to implement new features and functionality.
* **Testing:** Participate in testing web pages across different browsers and devices to ensure optimal performance and responsiveness.
* **Learning \& Growth:** Stay updated with the latest web development trends, frameworks, and best practices.
* **Documentation:** Assist in documenting code and project\-related tasks to ensure project clarity.

Required Skills \& Qualifications

* **Education:** Currently pursuing or recently completed a degree in Computer Science, Information Technology, or a related field (or equivalent bootcamp certification).
* **Technical Foundation:** Strong understanding of **React or Angular**, **HTML5, CSS3, and JavaScript, Typescript (opt)**.
* **Familiarity:** Basic knowledge of modern frameworks (e.g., React, Angular, or Vue.js) and backend tools (e.g., Node.js, PHP, or Python) is a plus.
* **Tools:** Familiarity with version control systems like **Git/GitHub**.
* **Soft Skills:**
* Strong problem\-solving and analytical skills.
* Excellent communication and ability to work in a team.
* A proactive attitude and willingness to learn new technologies.
* Attention to detail and a passion for building user\-friendly interfaces.

**Benefits of the Internship**

* **Mentorship:** Receive direct guidance and feedback from experienced professionals.
* **Hands\-on Experience:** Work on live projects and contribute to real\-world business solutions.
* **Performance\-Based Growth:** The stipend is a starting point, with opportunities to increase based on performance, project contributions, and skill growth over the 3\-month term.
* **Career Development:** Gain exposure to agile development methodologies and professional software workflows.

Pay: ₹6,000\.00 \- ₹12,000\.00 per month

Benefits:

* Flexible schedule
* Leave encashment
* Paid sick time
* Paid time off
* Provident Fund
* Work from home

Work Location: Hybrid remote in Salem, Tamil Nadu (Salem)",,https://in.indeed.com/cmp/Zinivd,,,,,,,,,,,,
in-c80ff9b5a92267a9,indeed,https://in.indeed.com/viewjob?jk=c80ff9b5a92267a9,http://in.indeed.com/job/frontend-fresher-c80ff9b5a92267a9,frontend fresher,Web Infinite Solutions Pvt. Ltd.,"PB, IN",2026-06-23,fulltime,,,,,,False,,,,,"Job Title: Frontend Developer Intern / Fresher

Job Type

Full\-Time

About the Role

We are looking for a passionate and motivated Frontend Developer Fresher to join our development team. The ideal candidate should have a basic understanding of web development technologies and a strong willingness to learn and grow in a professional environment.

Responsibilities

* Develop and maintain responsive web pages and user interfaces.
* Convert UI/UX designs into functional web applications.
* Write clean, efficient, and reusable code.
* Collaborate with designers, backend developers, and project managers.
* Test and debug applications to ensure optimal performance.
* Stay updated with the latest frontend technologies and industry trends.
* Participate in team meetings and project discussions.

Required Skills

* Basic knowledge of HTML5, CSS3, and JavaScript.
* Understanding of responsive web design principles.
* Familiarity with Bootstrap, Tailwind CSS, or similar frameworks.
* Basic knowledge of React.js, Angular, or Vue.js (preferred).
* Understanding of Git and version control concepts.
* Strong problem\-solving and analytical skills.
* Good communication and teamwork abilities.

Educational Qualification

* B.Tech/B.E. (CSE/IT), BCA, MCA, B.Sc. (Computer Science), or related field.
* Recent graduates or final\-year students are encouraged to apply.

Preferred Qualifications

* Personal projects, internships, or portfolio showcasing frontend work.
* Knowledge of APIs and basic backend concepts is a plus.
* Familiarity with UI/UX principles is an advantage.

What We Offer

* Hands\-on experience with real\-world projects.
* Learning and mentorship opportunities.
* Collaborative and growth\-oriented work environment.
* Career advancement opportunities based on performance.

Experience

* Fresher (0–1 Year)

How to Apply

Send your resume on 94655 32412

Pay: Up to ₹5,000\.00 per month

Work Location: In person",,https://in.indeed.com/cmp/Web-Infinite-Solutions-Pvt.-Ltd.,,,,,,,,,,,,
in-6622dc99ec439729,indeed,https://in.indeed.com/viewjob?jk=6622dc99ec439729,https://usijobs.deloitte.com/en_US/careersUSI/JobDetail/USI-EH27-Infrastructure-Fullstack-Python-AI-Engineer-Infrastructure-Specialist-Engineer-II/357331,Fullstack Python AI Engineer - Infrastructure Specialist Engineer II,Deloitte,"TS, IN",2026-06-22,,,,,,,False,,,,,"**Infrastructure Specialist Engineer II \- Full stack Developer Python AI Engineer**
====================================================================================

**Work****you****will****do.**


We’re looking for talented engineers with background automation experience in developing end\-to\-end automation solutions onto cloud infrastructure using scripting and various orchestration tools. Involves developing, implementing, and maintaining AI\-driven solutions to automate and optimize various aspects of IT operations, including monitoring, incident management, and performance analysis. The ideal candidate will have a strong background in both IT operations and AI/ML technologies, with a focus on improving efficiency, reducing downtime, and enhancing the overall performance of IT systems.
For this role, we are looking for a candidate that demonstrates strong proficiency in scripting and the candidate should be skilled in working with clients to identify if tasks can be automated and implementing automation solution for the same.


You will be working mainly on providing end to end automation solutions including creation of frontend UI for the Tasks which falls with the scope of cloud infrastructure including but not limited to provisioning. Decommissioning, maintenance of resources using Scripting, orchestration tools. You would be extensively working on integration of other tools using APIs as part of developing automation in the respective areas. Being an Automation expert you should have skills to provide solution for ticketing automation. Also experience working on CAM team that focused on application\-level monitoring, code level debugging, self\-healing via automation and root cause analysis. Your daily tasks will include the following:

**Role****Specific****Responsibilities**
========================================

* **Programming Languages:** Extensive experience in PowerShell, Python,Java and Bash other relevant programming languages.
* **Machine Learning Frameworks:** Proficiency with TensorFlow, PyTorch, Keras, Scikit\-learn, or similar frameworks.
* **Front\-End Technologies:** Extensive experience in HTML, CSS, JavaScript, and front\-end frameworks like React, Angular, or Vue.js.
* **Back\-End Technologies:** Extensive experience in server\-side languages such as Node.js, Python, Java, or similar.
* **API Development:** Experience in designing and implementing RESTful APIs.
* **Data Management:** Strong understanding of databases (SQL, NoSQL), data pipelines, and ETL processes.
* **Cloud Platforms:** Manages the evaluation of Cloud Automation IaC tools (Ansible, Terraform, PowerShell DSC) and recommend those that best meet the organization's requirements and Responsible for managing the configuration of all IaaS assets across the platforms (Azure, AWS \& GCP)
* **Analytical Skills:** Strong problem\-solving and analytical skills, with the ability to work with complex datasets and derive insights.
* Proficiency in **AI/ML model development**, training, and deployment.
* Proven experience in designing and **implementing AIOps solutions** in large\-scale environments; strong expertise as an Automation Engineer with a focus on **AIOps, Generative AI, and Conversational AI**.
* Familiarity with **observability tools** (e.g., Dynatrace, Datadog New Relic) and ITSM tools (e.g., ServiceNow

**Total Experience:** Min 7\+ years (L4\)

**Location:** Hyderabad.

**Timings:** 2 to 11 PM

**Working Model:** Hybrid – 3 days’ work from Office as of now (will have to resume back completely based on firm’s guidance)

**Qualifications**

**Required:**


 7\+ years of experience in the IT field.

* Minimum of 5\+ years direct, hands\-on experience with any of the scripting/programming languages (Python, Java, Bash, etc.).
* Minimum 5\+ Years of experience in developing automation solutions like ticket automations using orchestration tools like (e.g., Ansible, Puppet, Terraform, Chef etc) and Experience working with DevOps including but not limited to container technologies like Docker \& Kubernetes
* Minimum 3 years of experience developing webpages using pHp, or similar Back\-End Technologies
* Minimum 5\+ years’ experience in APIs, web services, and integration technologies (e.g., FastAPI, REST, GraphQL, Kafka) through scripting.
* 4\+ years direct, hands\-on experience with automated cloud provisioning and management on any of the Cloud Platforms – Azure, AWS, GCP (Must Have)
* Strong knowledge of AI/ML techniques applied to IT operations.
* Strong background in machine learning and deep learning algorithms. \- Proficiency in Python, TensorFlow, and PyTorch, scikit\-learn, for developing AI models
* AI/ML Solution Development: Design, develop, and implement AI/ML models and algorithms to automate IT operations tasks such as anomaly detection, predictive maintenance, and incident response.
* Proven experience in designing and implementing AIOps solutions in large\-scale environments; strong expertise as an Automation Engineer with a focus on AIOps, Generative AI, and Conversational AI.
* Familiarity with observability tools (e.g., Dynatrace, New Relic) and ITSM tools (e.g., ServiceNow)
* Exceptional communication skills and the ability to communicate appropriately with business and technical teams.
* Good understanding of the principles and best practices of Software Cloud Automation and Monitoring in Agile, Scrum.
* Good Knowledge in Administration of Production, Development and Test environments carrying different operating system platforms like Windows, Ubuntu, Red Hat Linux, SUSE Linux, Centos.Experience with data analysis and visualization tools such as Python, R, SQL, Tableau, etc.

**How****you****will****grow**
==============================


At Deloitte, we have invested a great deal to create a rich environment in which our professionals can grow. We want all our people to develop in their own way, playing to their own strengths as they hone their leadership skills. And, as a part of our efforts, we provide our professionals with a variety of learning and networking opportunities—including exposure to leaders, sponsors, coaches, and challenging assignments—to help accelerate their careers along the way.


No two people learn in exactly the same way. So, we provide a range of resources, including live classrooms, team\-based learning, and eLearning. Deloitte University (DU): The Leadership Center in India, our state\-of\-the\-art, world\-class learning center in the Hyderabad office, is an extension of the DU in Westlake, Texas, and represents a tangible symbol of our commitment to our people’s growth and development. Explore DU: The Leadership Center inIndia.

**Benefits**
============


At Deloitte, we know that great people make a great organization. We value our people and offer employees a broad range of benefits. Learn more about what working at Deloitte can mean for you.

**Deloitte’s****culture**
=========================


Our positive and supportive culture encourages our people to do their best work every day. We celebrate individuals by recognizing their uniqueness and offering them the flexibility to make daily choices that can help them to be healthy, centered, confident, and aware. We offer well\-being programs and are continuously looking for new ways to maintain a culture that is inclusive, invites authenticity, leverages our diversity, and where our people excel and lead healthy, happy lives. Learn more about Life at Deloitte.

**Corporate****citizenship**
============================


Deloitte is led by a purpose: to make an impact that matters. This purpose defines who we are and extends to relationships with our clients, our people, and our communities. We believe that business has the power to inspire and transform. We focus on education, giving, skill\-based volunteerism, and leadership to help drive positive social impact in our communities. Learn more about Deloitte’s impact on the world.

***Disclaimer:******Please******note******that******this******description******is******subject******to******change******basis******business/engagement******requirements***

***and******at******the******discretion******of******the******management.***

  

**Our purpose**  


Deloitte’s purpose is to make an impact that matters for our people, clients, and communities. At Deloitte, purpose is synonymous with how we work every day. It defines who we are. Our purpose comes through in our work with clients that enables impact and value in their organizations, as well as through our own investments, commitments, and actions across areas that help drive positive outcomes for our communities.
**Our people and culture**  


Our inclusive culture empowers our people to be who they are, contribute their unique perspectives, and make a difference individually and collectively. It enables us to leverage different ways of thinking, ideas and perspectives, and bring more creativity and innovation to help solve our clients’ most complex challenges. This makes Deloitte one of the most rewarding places to work.
**Professional development**  


At Deloitte, professionals have the opportunity to work with some of the best and discover what works best for them. Here, we prioritize professional growth, offering diverse learning and networking opportunities to help accelerate careers and enhance leadership skills. Our state\-of\-the\-art DU: The Leadership Center in India, located in Hyderabad, represents a tangible symbol of our commitment to the holistic growth and development of our people. Explore DU: The Leadership Center in India.
**Benefits to help you thrive**  


At Deloitte, we know that great people make a great organization. Our comprehensive rewards program helps us deliver a distinctly Deloitte experience that helps that empowers our professionals to thrive mentally, physically, and financially—and live their purpose. To support our professionals and their loved ones, we offer a broad range of benefits. Eligibility requirements may be based on role, tenure, type of employment and/ or other criteria. Learn more about what working at Deloitte can mean for you.
**Recruiting tips**  


From developing a stand out resume to putting your best foot forward in the interview, we want you to feel prepared and confident as you explore opportunities at Deloitte. Check out recruiting tips from Deloitte recruiters.
Requisition code: 357331",,https://in.indeed.com/cmp/Deloitte,https://d2q79iu7y748jz.cloudfront.net/s/_squarelogo/256x256/30cd1378bfa8b1b15fd194651407a294,http://www.deloitte.com,"New York, NY","10,000+",more than $10B (USD),,,,,,,
in-10e0ad40228f6de2,indeed,https://in.indeed.com/viewjob?jk=10e0ad40228f6de2,https://svitla.com/career/job/senior-full-stack-engineer-vuejs-and-nodejs-1782142198,Senior Full Stack Engineer Vue.js and Node.js,Svitla Systems,"UP, IN",2026-06-22,fulltime,,,,,,True,,,,ma.shvets@svitla.com,"**Apply Now**


SENIOR FULL STACK ENGINEER VUE.JS AND NODE.JS
**Apply Now**


COUNTRY
Ukraine
FORMAT
Remote
Svitla Systems Inc. is looking for a **Senior Full Stack Engineer Vue.js and Node.js** for a full\-time position (40 hours per week) in Ukraine. Our client is a leading public safety technology company. The company offers a unified, cloud\-native platform that supports every aspect of public safety operations and builds the future of real\-time incident response and collaboration for first responders. Its integrated suite of products enables agencies to share data seamlessly, respond faster, and operate with greater transparency and accountability. The company works with visionary customers to reimagine solutions to long\-standing challenges facing public safety organizations and the communities they serve.


You'll own features end\-to\-end \- from building scalable APIs to delivering high\-quality front\-end experiences. It is a classic full\-stack role, not a pure front\-end position. You will work in a Scrum team to deliver product features across the stack, contributing both to backend services and front\-end applications.


REQUIREMENTS

* 5\+ years of commercial experience in full\-stack development.
* 4\+ years of experience with backend development using Node.js.
* 4\+ years of experience with Vue.js.
* Knowledge of MongoDB (or similar NoSQL databases).
* Understanding of AWS services (e.g., S3\).
* Experience with Docker/containerization.
* Upper\-intermediate or higher level of English.
NICE TO HAVE

* Experience with ElasticSearch or search APIs
* Familiarity with video systems/streaming integrations.
* Familiarity with map systems (Google Maps, Mapbox, ESRI).
* Understanding of integrating hardware or external systems (e.g., radar, surveillance).
* Knowledge of CI/CD pipelines and DevOps practices.
* Experience with version control systems (Git).
RESPONSIBILITIES

* Build and maintain scalable APIs and backend services.
* Develop and enhance customer\-facing features in a Vue.js web application.
* Own features end\-to\-end (design, implementation, testing, deployment).
* Integrate with third\-party services and external APIs.
* Work with real\-time and video\-related systems where applicable.
* Participate in code reviews, testing, and troubleshooting production issues.
* Collaborate on architecture, design decisions, and technical improvements.
ABOUT SVITLA

**Svitla Systems** is a global digital solutions company headquartered in the U.S. and operating across the Americas, Europe, Asia, and APAC. Since 2003, we have served a wide range of clients — from innovative start\-ups to Fortune 500 companies.


Our success is built on partnership. By integrating seamlessly with clients’ teams, we create lasting collaborations that drive real results.


We are strong advocates of workplace flexibility, remote culture, individual approach to professional and personal growth.


Svitla is proud to be an equal opportunity employer. All qualified applicants will receive consideration for cooperation without regard to age, gender identity, sexual orientation, religion, race, color, national origin, disability, or any other characteristic protected by applicable law.


Our global mission is to build a business that contributes to wellbeing of our partners, personnel, and their families, improves our communities, and makes a lasting difference in the world.


Together, we are coding a brighter tomorrow — and living it.

**Join us!**


LET'S MEET IN PERSON

### **Marharyta****Shvets**

### **RECRUITER**


Email:
ma.shvets@svitla.com
LinkedIn:
Marharyta Shvets",,https://in.indeed.com/cmp/Svitla-Systems,https://d2q79iu7y748jz.cloudfront.net/s/_squarelogo/256x256/c77610017e3da4395045aa57c225c917,https://svitla.com/,,"501 to 1,000",Decline to state,"Svitla Systems is a multinational software development company headquartered in California, with business and development offices throughout the US, Mexico, and Europe (Ukraine, Poland, Germany).",,,,,,
in-f33234b074fc4c0a,indeed,https://in.indeed.com/viewjob?jk=f33234b074fc4c0a,https://careers.hcltech.com/job/Microsoft-Full-Stack-Senior-Developer-Angular/121556-en_US,Microsoft Full Stack Senior Developer - Angular,HCLTech,"TN, IN",2026-06-22,,,,,,,False,,,,,"Chennai, Tamil Nadu
  
Job Summary
  
The Senior Full Stack Developer is responsible for developing, implementing, and maintaining full stack solutions using Angular, .NET, and ASP.NET MVC technologies. The role involves working on both the frontend and backend aspects of web applications, ensuring they are robust, efficient, and user\-friendly.
  
Key Responsibilities
  
  

1\. Develop and implement user\-friendly frontend interfaces using angular framework
  
2\. Design and develop scalable and efficient backend solutions using .net and asp.net mvc
  
3\. Collaborate with cross functional teams to define, design, and ship new features
  
4\. Optimize applications for maximum speed and scalability
  
5\. Ensure high\-quality and performance of applications
  
6\. Troubleshoot, debug, and upgrade existing systems
  
7\. Stay updated on emerging technologies and best practices in full stack development
  
  

Skill Requirements
  
  

**Must Have :** \-
  
  

Designing, developing, and maintaining web applications using .NET languages (C\#, VB.NET) and technologies (ASP.NET, .NET Core).
  
Creating user interfaces with HTML, CSS, JavaScript, and popular frameworks like Angular, React, or Vue.js to deliver a responsive and engaging user experience.
  
Developing and consuming web services, such as RESTful APIs, to facilitate communication between the client\-side and server\-side components.
  
Implementing data storage solutions using databases like SQL Server, and writing efficient data access code with Entity Framework or ADO.NET.
  
Ensuring application performance, scalability, and security through best practices in coding, testing, and deployment.
  
  

Other Requirements
  
Collaborating with cross\-functional teams, including project managers, designers, and other developers, to define and meet project milestones.
  
Writing clean, maintainable, and well\-documented code to support application development and future iterations.
  
Conducting code reviews, unit testing, and integration testing to identify and fix bugs before deployment.
  
Staying current with the latest developments in the .NET platform and related web technologies to enhance application functionality and performance.
  
Participating in the full software development lifecycle, from concept and design to implementation and support.
  
Providing technical support and guidance to other team members and stakeholders, including troubleshooting and resolving issues post\-deployment.
  
  

Engaging in continuous learning and professional development to adapt to evolving technology trends and best practices in full\-stack development
  
  

**\#body.unify div.unify\-button\-container .unify\-apply\-now:** focus, \#body.unify div.unify\-button\-container .unify\-apply\-\#body.unify div.unify\-button\-container .unify\-apply\-now: focus, \#body.unify div.unify\-button\-container .unify\-apply\-",,https://in.indeed.com/cmp/Hcltech-2,https://d2q79iu7y748jz.cloudfront.net/s/_squarelogo/256x256/40cde44a6facf2f0d15e3964cedc4417,https://www.hcltech.com,Noida,"10,000+",more than $10B (USD),,,,,,,
in-1f51279058bbed08,indeed,https://in.indeed.com/viewjob?jk=1f51279058bbed08,https://www.codeandtheory.com/careers/8574449002?location=bengaluru,"Senior Engineer, AEM Front-end (India)",Code and Theory,"KA, IN",2026-06-22,,,,,,,False,,,,,"We are looking for a highly skilled AEM Front\-End Senior Developer to build responsive, scalable, and high\-performing digital experiences using Adobe Experience Manager. The ideal candidate should have strong expertise in modern front\-end technologies, AEM ClientLibs, enterprise UI frameworks, accessibility, and cloud deployment workflows.


The role also requires familiarity with AI\-assisted development tools such as Cursor and GenAI coding assistants to improve development efficiency and accelerate delivery timelines.


**WHAT YOU’LL DO**


* Develop AEM front\-end components, templates, ClientLibs, and reusable UI modules
* Implement responsive and accessible user interfaces using HTL, JavaScript, TypeScript, React, Angular, or Vue.js
* Integrate front\-end components with Sling Models, REST APIs, and GraphQL APIs
* Build and optimize Content Fragments, Experience Fragments, and AEM Edge Delivery experiences
* Create reusable CSS and UI patterns aligned with enterprise brand guidelines and design systems
* Use Cursor IDE and GenAI coding assistants for accelerated front\-end development workflows
* Optimize website performance, Core Web Vitals, and Lighthouse scores
* Implement personalization and tracking using Adobe Target, Adobe Analytics, and Adobe Launch
* Collaborate with UX/UI designers to implement pixel\-perfect interfaces from Figma or Adobe XD
* Participate in Agile ceremonies, sprint planning, code reviews, and deployment activities
* Support CI/CD deployments using Adobe Cloud Manager, Git, Jenkins, Webpack, and Vite

**WHAT YOU’LL NEED**


* Strong expertise in HTML5, CSS3, JavaScript, TypeScript
* Proficiency in React, Angular or SPA\-based architecture
* Experience with responsive web design and modern CSS techniques
* Strong hands\-on experience with HTL (Sightly), Sling Models, AEM Client Libraries (ClientLibs), and AEM Core Components
* Experience integrating front\-end code with AEM templates, workflows, and APIs
* Knowledge of Content Fragments, Experience Fragments, and Edge Delivery Services
* Experience with Bootstrap, Tailwind CSS, Material UI, or similar UI frameworks
* Knowledge of SASS, LESS, PostCSS, and CSS methodologies such as BEM or OOCSS
* Familiarity with enterprise design systems and reusable component development
* Strong understanding of Core Web Vitals, lazy loading, minification, caching, and image optimization
* Experience implementing WCAG accessibility standards and browser compatibility testing
* Experience using Cursor, GitHub Copilot, or GenAI\-powered coding assistants

**NICE TO HAVE**


* Adobe Analytics and Adobe Target integration
* React or Angular development experience
* Experience with headless CMS and GraphQL APIs
* Exposure to AI\-assisted automation and development workflows

**ABOUT US**


Born in 2001, Code and Theory is a digital\-first creative agency that sits at the center of creativity and technology. We pride ourselves on not only solving consumer and business problems, but also helping to establish new capabilities for our clients. With a global client roster of Fortune 100s and start\-ups alike, we crave the hardest problems to solve. We have teams distributed across North America, South America, Europe, and Asia. The Code and Theory global network of agencies is growing and includes Kettle, Instrument, Left Field Labs, Create Group, Current, and TrueLogic.


Striving never to be pigeonholed, we work across every major category: from tech to CPG, financial services to travel \& hospitality, government and education to media and publishing. We value the collaboration with our client partners, including but not limited to Adidas, Amazon, Con Edison, Diageo, EY, J.P. Morgan Chase, Lenovo, Marriott, Mars, Microsoft, Thomson Reuters, and TikTok.


The Code and Theory network is comprised of nearly 2,000 people with 50% engineers and 50% creative talent. We’re always on the lookout for smart, driven, and forward\-thinking people to join our team.",,https://in.indeed.com/cmp/Code-and-Theory,https://d2q79iu7y748jz.cloudfront.net/s/_squarelogo/256x256/cd86780b790712cbce9d660ad1c5da5a,https://www.codeandtheory.com,New York,201 to 500,$25M to $100M (USD),,,,,,,
in-624f4b5c6c67d94c,indeed,https://in.indeed.com/viewjob?jk=624f4b5c6c67d94c,https://www.codeandtheory.com/careers/8581730002?location=bengaluru,"Engineer, AEM Front-end (India)",Code and Theory,"KA, IN",2026-06-22,,,,,,,False,,,,,"We are seeking an enthusiastic AEM Front\-End Junior Developer to support development and maintenance of responsive web applications and digital experiences using Adobe Experience Manager. The candidate will work closely with senior developers, UX designers, and backend teams to build modern UI components and enhance user experiences aligned with enterprise brand guidelines.


This role is ideal for developers looking to grow expertise in AEM front\-end technologies, ClientLibs, SPA frameworks, cloud deployments, and AI\-assisted coding tools like Cursor and GenAI assistants.


**WHAT YOU’LL DO**


* Develop and maintain AEM front\-end components using HTL, HTML, CSS, and JavaScript
* Assist in implementing responsive and accessible user interfaces aligned with enterprise design systems
* Work with React, Angular, or Vue.js for interactive front\-end features
* Support implementation and maintenance of AEM Client Libraries (ClientLibs)
* Integrate front\-end components with AEM templates, Sling Models, and APIs
* Support implementation of Content Fragments and Experience Fragments
* Use Cursor IDE and AI coding assistants to improve productivity and learning
* Participate in performance optimization and browser compatibility testing
* Collaborate with designers and QA teams for UI validation and bug fixing
* Support CI/CD deployments and Git\-based workflows
* Participate in Agile ceremonies and development activities

**WHAT YOU’LL NEED**


* Strong understanding of HTML5, CSS3, JavaScript, and responsive web development
* Familiarity with React, Angular, etc.
* Understanding of mobile\-first and responsive design principles
* Basic understanding of HTL (Sightly), AEM Client Libraries (ClientLibs), and AEM components
* Familiarity with integrating UI components within AEM templates and workflows
* Familiarity with Bootstrap, Tailwind CSS, Material UI, or similar CSS frameworks
* Basic understanding of SASS, LESS, and responsive grid systems
* Understanding of enterprise brand guideline implementation
* Awareness of accessibility standards and browser compatibility concepts
* Basic understanding of front\-end optimization techniques
* Familiarity with Git, CI/CD concepts, and cloud deployment basics
* Exposure to Cursor, GenAI coding tools, or AI\-assisted development workflows

**NICE TO HAVE**


* Basic understanding of Adobe Analytics and Adobe Target
* Exposure to GraphQL APIs and headless CMS concepts
* Familiarity with Adobe Cloud Manager and Edge Delivery Services
* Understanding of basic AEM backend concepts

**ABOUT US**


Born in 2001, Code and Theory is a digital\-first creative agency that sits at the center of creativity and technology. We pride ourselves on not only solving consumer and business problems, but also helping to establish new capabilities for our clients. With a global client roster of Fortune 100s and start\-ups alike, we crave the hardest problems to solve. We have teams distributed across North America, South America, Europe, and Asia. The Code and Theory global network of agencies is growing and includes Kettle, Instrument, Left Field Labs, Create Group, Current, and TrueLogic.


Striving never to be pigeonholed, we work across every major category: from tech to CPG, financial services to travel \& hospitality, government and education to media and publishing. We value the collaboration with our client partners, including but not limited to Adidas, Amazon, Con Edison, Diageo, EY, J.P. Morgan Chase, Lenovo, Marriott, Mars, Microsoft, Thomson Reuters, and TikTok.


The Code and Theory network is comprised of nearly 2,000 people with 50% engineers and 50% creative talent. We’re always on the lookout for smart, driven, and forward\-thinking people to join our team.",,https://in.indeed.com/cmp/Code-and-Theory,https://d2q79iu7y748jz.cloudfront.net/s/_squarelogo/256x256/cd86780b790712cbce9d660ad1c5da5a,https://www.codeandtheory.com,New York,201 to 500,$25M to $100M (USD),,,,,,,
in-c143280cd0920ded,indeed,https://in.indeed.com/viewjob?jk=c143280cd0920ded,http://in.indeed.com/job/frontend-developer-c143280cd0920ded,Frontend Developer,Amigoways Technologies Private Limited,"TN, IN",2026-06-22,fulltime,,,,,,False,,,,,"**Job Summary**

We are looking for a skilled Frontend Developer with hands\-on experience in modern JavaScript frameworks and UI development. The ideal candidate should be passionate about building responsive, high\-performance web applications and creating seamless user experiences.

**Key Responsibilities**

* Develop and maintain responsive, user\-friendly web applications.
* Build reusable and scalable frontend components.
* Integrate REST APIs and work closely with backend developers.
* Optimize applications for speed, performance, and cross\-browser compatibility.
* Collaborate with designers to deliver pixel\-perfect UI implementations.
* Write clean, maintainable, and well\-documented code.Required Skills.

**Required Skills**

* Strong experience with **React.js, Next.js, Angular, or Vue.js**
* Knowledge of **Redux, Zustand, Context API, and TanStack Query**
* Proficiency in **HTML5, CSS3, JavaScript, TypeScript, and API Integration**
* Hands\-on experience in **UI Development using Tailwind CSS, Material UI, SASS/SCSS, and Responsive Design** to build modern, mobile\-friendly, and visually appealing web applications.
* Good understanding of frontend development best practices and version control (Git).

Work Location: In person",,https://in.indeed.com/cmp/Amigoways-Technologies-Private-Limited,https://d2q79iu7y748jz.cloudfront.net/s/_squarelogo/256x256/dd79949858730a4c1651ab4ccb56001d,https://www.amigoways.com/,"Plot No.54, T-Muniyasamy Salai, Muthu Patti,
Tamil Nadu, Madurai - 625003,
",11 to 50,,"Amigoways Technologies Pvt Ltd the best custom software development company in India. We provide web, mobile app & SEO services based on needs at affordable prices. We support you 24/7.",,,,,,
in-a89b0a334313aa1a,indeed,https://in.indeed.com/viewjob?jk=a89b0a334313aa1a,http://in.indeed.com/job/full-stack-developer-a89b0a334313aa1a,Full Stack Developer,Cogzin Technologies,"WB, IN",2026-06-22,fulltime,,,,,,False,,,,,"**Company Name:** Cogzin Technologies  
**Role:** Full Stack Developer  
**Experience:** Freshers and experienced candidates can apply  
**Job Type:** Full\-time  
**Work Location:** In\-person  
**Salary:** As per company standards and candidate experience

About the Role

Cogzin Technologies is looking for a passionate and motivated **Full Stack Developer** to join our team. Freshers and experienced candidates are welcome to apply. The ideal candidate should have a strong interest in web development, problem\-solving, and building scalable applications.

Job Responsibilities

* Develop, test, and maintain web applications using frontend and backend technologies.
* Work on user\-friendly interfaces using HTML, CSS, JavaScript, and modern frontend frameworks.
* Build and maintain backend services, APIs, and database integrations.
* Collaborate with designers, developers, and project managers to deliver quality software solutions.
* Write clean, reusable, and efficient code.
* Debug, troubleshoot, and resolve application issues.
* Participate in code reviews and follow best development practices.
* Assist in deploying applications and maintaining server\-side performance.
* Learn and adapt to new technologies as required by the project.

Required Skills

* Good knowledge of HTML, CSS, JavaScript, and responsive web design.
* Basic or working knowledge of frontend frameworks such as React, Angular, or Vue.js.
* Understanding of backend technologies such as Node.js, Python, PHP, Java, or similar.
* Knowledge of databases such as MySQL, MongoDB, PostgreSQL, or SQL Server.
* Understanding of REST APIs and web services.
* Familiarity with Git or other version control systems.
* Good problem\-solving and logical thinking skills.
* Ability to work independently as well as in a team.

Preferred Skills

* Experience with cloud platforms such as AWS, Azure, or Google Cloud.
* Knowledge of DevOps tools, CI/CD, Docker, or deployment processes.
* Understanding of authentication, authorization, and application security.
* Prior internship, project, freelance, or professional experience in web development.

Qualification

* Bachelor’s degree in Computer Science, IT, Engineering, or a related field.
* Candidates with relevant skills, certifications, internships, or strong project portfolios may also apply.

Candidate Profile

* Eager to learn and grow in a fast\-paced environment.
* Strong communication and teamwork skills.
* Ability to understand project requirements and deliver solutions on time.
* Passion for coding, technology, and continuous improvement.

Pay: ₹150,000\.00 \- ₹300,000\.00 per year

Benefits:

* Paid sick time

Work Location: In person",,https://in.indeed.com/cmp/Cogzin-Technologies-1,,,,,,,,,,,,
in-d7fe743df482ea9f,indeed,https://in.indeed.com/viewjob?jk=d7fe743df482ea9f,http://in.indeed.com/job/full-stack-developer-d7fe743df482ea9f,Full Stack Developer,Cogzin Technologies,"WB, IN",2026-06-22,fulltime,,,,,,False,,,,,"Full Stack Developer Job Description

**Company Name:** Cogzin Technologies  
**Role:** Full Stack Developer  
**Experience:** Freshers and experienced candidates can apply  
**Job Type:** Full\-time  
**Work Location:** In\-person  
**Salary:** As per company standards and candidate experience

About the Role

Cogzin Technologies is looking for a passionate and motivated **Full Stack Developer** to join our team. Freshers and experienced candidates are welcome to apply. The ideal candidate should have a strong interest in web development, problem\-solving, and building scalable applications.

Job Responsibilities

* Develop, test, and maintain web applications using frontend and backend technologies.
* Work on user\-friendly interfaces using HTML, CSS, JavaScript, and modern frontend frameworks.
* Build and maintain backend services, APIs, and database integrations.
* Collaborate with designers, developers, and project managers to deliver quality software solutions.
* Write clean, reusable, and efficient code.
* Debug, troubleshoot, and resolve application issues.
* Participate in code reviews and follow best development practices.
* Assist in deploying applications and maintaining server\-side performance.
* Learn and adapt to new technologies as required by the project.

Required Skills

* Good knowledge of HTML, CSS, JavaScript, and responsive web design.
* Basic or working knowledge of frontend frameworks such as React, Angular, Express, or Vue.js.
* Understanding of backend technologies such as Node.js, Python, Java, or similar.
* Knowledge of databases such as MySQL, MongoDB, PostgreSQL, or SQL Server.
* Understanding of REST APIs and web services.
* Familiarity with Git or other version control systems.
* Good problem\-solving and logical thinking skills.
* Ability to work independently as well as in a team.

Preferred Skills

* Experience with cloud platforms such as AWS, Azure, or Google Cloud.
* Knowledge of DevOps tools, CI/CD, Docker, or deployment processes.
* Understanding of authentication, authorization, and application security.
* Prior internship, project, freelance, or professional experience in web development.

Qualification

* Bachelor’s degree in Computer Science, IT, Engineering, or a related field.
* Candidates with relevant skills, certifications, internships, or strong project portfolios may also apply.

Candidate Profile

* Eager to learn and grow in a fast\-paced environment.
* Strong communication and teamwork skills.
* Ability to understand project requirements and deliver solutions on time.
* Passion for coding, technology, and continuous improvement.

Pay: ₹150,000\.00 \- ₹300,000\.00 per year

Benefits:

* Paid sick time

Work Location: In person",,https://in.indeed.com/cmp/Cogzin-Technologies-1,,,,,,,,,,,,
in-43f49263166a2c7e,indeed,https://in.indeed.com/viewjob?jk=43f49263166a2c7e,http://in.indeed.com/job/software-engineer-l1full-stack-43f49263166a2c7e,Software Engineer -L1(Full Stack),WAIB3,"KL, IN",2026-06-22,fulltime,,,,,,False,,,,,"**About Us:**

We are a team of adventurous, creative, and open\-minded individuals who are passionate about technology. We live, breathe, and build on the cloud. We're currently seeking enthusiastic Full Stack Engineers who are eager to learn, code, and adapt across a variety of technology projects.

**Key Responsibilities:**

* Develop, test, and maintain web applications with rich features using **PHP/Python**, **JavaScript**, **HTML**, and **CSS**.
* Create back\-end components using frameworks such as **Laravel**, **Symfony**, **Django**, or **Flask**.
* Work closely with cross\-functional teams to define, design, and launch new features.
* Design and build intuitive front\-end interfaces using modern frameworks like **React**, **Angular**, or **Vue.js**.
* Write clean, scalable code while integrating **RESTful APIs** and third\-party services.
* Troubleshoot, debug, and enhance existing systems.
* Ensure the performance, responsiveness, and compatibility of applications across browsers.
* Apply responsive design principles to deliver mobile\-optimized user experiences.
* Optimize web applications for high speed and scalability.
* Take part in code reviews and help maintain high standards in code quality and consistency.

**Required Qualifications:**

* B.Tech/B.E/Mtech/ME in CS/IT/EC /related Streams.
* Strong coding abilities and understanding of server\-side technologies such as **Node.js**, **Python**, **PHP**, or **Java**.
* Solid knowledge of **PHP/Python** and its frameworks.
* Proficient in **HTML**, **CSS**, **JavaScript**, and at least one JavaScript framework/library such as **React** or **Angular**.
* Awareness of **AI**, **OpenAI APIs**, **LLMs**, and similar **AI/ML/NLP** tools is an added advantage.
* Good understanding of **SQL**/**NoSQL** databases such as **MySQL**, **PostgreSQL**, and **MongoDB**.
* Familiarity with **cloud platforms** like **AWS** or **GCP**, and basic **DevOps** principles.
* A problem\-solving mindset with a strong desire to learn emerging technologies.
* Effective communication skills and the ability to work efficiently in a fast\-paced team environment.

**Qualifications**:

\- B.Tech/B.E/Mtech/ME in CS/IT/EC /related Streams.

Job Type: Full\-time

Schedule: Monday to Friday

Job Location: Technopark Phase 4, Trivandrum, Kerala

Notice period \-Immediate Joiner Preferred

**For Detailed Job Description Click Here:**

**https://drive.google.com/file/d/1hztzs2j8ZPkOj\_Z958\_5AP9b4GX9QmEk/view?usp\=sharing**

**Note**: Shortlisted candidates shall be contacted via email and screened through Machine task, communication /Aptitude tasks.

Application Deadline: 13/07/2026

Job Type: Full\-time

Pay: ₹120,000\.00 \- ₹300,000\.00 per year

Benefits:

* Flexible schedule
* Health insurance
* Leave encashment
* Paid sick time

Application Question(s):

* Do you have Internship/Industry experience?
* Kindly verify and share your email id and WhatsApp number for contact!

Work Location: In person",,https://in.indeed.com/cmp/Waib3,,,,,,,,,,,,
in-5baafc966396fd8a,indeed,https://in.indeed.com/viewjob?jk=5baafc966396fd8a,https://careers.hcltech.com/job/Senior-Full-Stack-Java-Developer-React_js/117897-en_US,Senior Full Stack Java Developer - React.js,HCLTech,"TS, IN",2026-06-22,,,,,,,False,,,,,"Hyderabad, Telangana
  
Job Summary
  
  

**Job Description:** Mid\-Level Java Full Stack DeveloperOverviewWe are seeking a motivated and experienced Senior Java Full Stack Developer to join our engineering team. The ideal candidate will be responsible for debugging, developing, and maintaining high\-quality, scalable applications, utilizing Java \& Kotlin for the backend and Angular frameworks for the frontend. Role: Software Engineer Location: H’bad Yrs of experience: 6\+ yrs No. of positions: 1 QualificationsRequired Skills Experience: Minimum 8 years of professional experience in Java full\-stack development. Backend: Proficiency in Java, Kotlin and the Spring framework Frontend: Proficiency in at least one modern JavaScript framework (e.g., React, Angular, or Vue.js) and related technologies (HTML5, CSS3, JavaScript/TypeScript). Databases: Experience with relational databases (e.g., PostgreSQL, MySQL) and NoSQL databases (e.g., MongoDB, Cassandra). Web Services: Experience developing and consuming RESTful APIs. Tools: Familiarity with version control (Git), build tools (Maven/Gradle), and CI/CD pipelines.Preferred SkillsExperience with Google Cloud PlatformsFamiliarity with containerization technologies (e.g., Docker, Kubernetes).Knowledge of Agile methodologies (Scrum/Kanban).Understanding of software design patterns and best practices.Excellent communication and client\-handling skills are essential.ResponsibilitiesTroubleshoot, debug, and upgrade existing systems.Develop, test, deploy, and maintain software solutions across the full stack.Ensure application performance, scalability, security, and reliability.Write clean, efficient, and well\-documented code using Java and related technologies for the backend.Collaborate with cross\-functional teams.
  
  

Key Responsibilities
  
null
  
  

**\#body.unify div.unify\-button\-container .unify\-apply\-now:** focus, \#body.unify div.unify\-button\-container .unify\-apply\-\#body.unify div.unify\-button\-container .unify\-apply\-now: focus, \#body.unify div.unify\-button\-container .unify\-apply\-",,https://in.indeed.com/cmp/Hcltech-2,https://d2q79iu7y748jz.cloudfront.net/s/_squarelogo/256x256/40cde44a6facf2f0d15e3964cedc4417,https://www.hcltech.com,Noida,"10,000+",more than $10B (USD),,,,,,,
in-90f699e118b16a4e,indeed,https://in.indeed.com/viewjob?jk=90f699e118b16a4e,http://in.indeed.com/job/full-stack-developer-90f699e118b16a4e,Full Stack Developer,,"TN, IN",2026-06-22,"parttime, fulltime",,,,,,True,,,,,"We are seeking a talented and motivated Full Stack Developer to join our team. The ideal candidate will be responsible for developing, testing, and maintaining web applications, ensuring high performance, responsiveness, and a seamless user experience.

Key Responsibilities

Design, develop, and maintain web applications from front\-end to back\-end.

Build responsive and user\-friendly interfaces using modern web technologies.

Develop and integrate REST APIs and third\-party services.

Write clean, scalable, and well\-documented code.

Troubleshoot, debug, and optimize application performance.

Collaborate with designers, project managers, and other developers.

Ensure application security, data protection, and best coding practices.

Participate in code reviews and software testing processes.

Maintain databases and server\-side applications.

Required Skills

Proficiency in HTML, CSS, JavaScript, and TypeScript.

Experience with front\-end frameworks such as React, Angular, or Vue.js.

Experience with back\-end technologies such as Node.js, PHP, Python, Java, or .NET.

Knowledge of database management systems such as MySQL, PostgreSQL, or MongoDB.

Familiarity with Git and version control systems.

Understanding of RESTful APIs and web services.

Strong problem\-solving and analytical skills.

Preferred Qualifications

Bachelor's degree in Computer Science, Information Technology, or a related field.

0–3 years of experience in Full Stack Development.

Knowledge of cloud platforms (AWS, Azure, or Google Cloud) is an advantage.

Experience with Agile/Scrum methodologies.

Pay: ₹400,000\.00 \- ₹500,000\.00 per month

Benefits:

* Provident Fund
* Work from home

Work Location: In person",,https://in.indeed.comNone,,,,,,,,,,,,
in-780c9da28522f619,indeed,https://in.indeed.com/viewjob?jk=780c9da28522f619,http://in.indeed.com/job/full-stack-developer-payment-gateway-780c9da28522f619,Full Stack Developer (Payment Gateway),SP transaction hub technology Pvt. Ltd,"MH, IN",2026-06-22,fulltime,,,,,,False,,,,,"Designation\- Software Developer

Location\- Thane, Mumbai ( SP Transaction Hub Technology pvt. Ltd.)

Experience\- 3\-4 years (in API development payment gateway)

**Responsibilities :**

**Develop, maintain, and enhance merchant dashboards, onboarding portals, and transaction monitoring tools.**  Build REST/GraphQL APIs supporting real\-time payment data and analytics. **Implement responsive, accessible**  front\-end interfaces with modern UI frameworks. **Integrate front\-end systems with payment processing services, authentication flows, and reporting engines.**  Optimize performance, reliability, and security across the full stack. **Participate in code reviews, unit testing, and architecture planning. Requirements**  2\-4 years of full\-stack development experience. **Strong in JavaScript/TypeScript and frameworks (React, Vue, or Angular).**  Backend experience with Node.js, Java, or similar. **Solid understanding of API integration, REST/GraphQL, and micro services.**  Experience with relational and NoSQL databases. **Familiarity with payment workflows, webhooks, encryption, and DB,OAuth/JWT authentication is a plus.**  Comfortable with Git, CI/CD pipelines, cloud environments, and containerization.

What You’ll Do:\*

**Develop and maintain scalable Java\-based backend systems**  Build dynamic frontend interfaces using modern JavaScript frameworks (React, Angular, or Vue.js) **Collaborate with cross\-functional teams to define, design, and ship new features**  Ensure the performance, quality, and responsiveness of applications **Troubleshoot and fix bugs, write unit tests, and maintain code documentation**  \* Strong proficiency in \*Java, \*\*Spring Boot, \*\*Hibernate\* **\* Frontend: \*HTML, CSS, JavaScript, and frameworks like \*\*React.js\* or \*Angular\***  \* Experience with \*REST APIs, \*\*MySQL/PostgreSQL, and \*\*Git\* **\* Familiarity with \*DevOps tools, \*\*Docker, or \*\*cloud platforms\* is a plus**

Pay: ₹35,000\.28 \- ₹80,000\.48 per month

Benefits:

* Cell phone reimbursement
* Internet reimbursement
* Paid time off
* Provident Fund

Work Location: In person",,https://in.indeed.com/cmp/Sp-Transaction-Hub-Technology-Pvt.-Ltd,,,,,,,,,,,,
in-70523709eafc30ec,indeed,https://in.indeed.com/viewjob?jk=70523709eafc30ec,http://in.indeed.com/job/sr-full-stack-developer-night-shift-70523709eafc30ec,Sr. Full Stack Developer - Night Shift,Jobbycart technologies private limited,"TN, IN",2026-06-22,fulltime,,,,,,False,,,,,"Job Summary:

We are seeking a talented and passionate Full Stack Developer (Python) to design, develop, and maintain scalable web applications. The ideal candidate should have strong expertise in both front\-end and back\-end development, with hands\-on experience in Python frameworks, modern JavaScript technologies, databases, and cloud platforms.

Key Responsibilities:

Develop, test, and maintain scalable web applications using Python and modern front\-end technologies.

Design and implement RESTful APIs and backend services.

Build responsive, user\-friendly interfaces using HTML, CSS, JavaScript, and modern frameworks.

Collaborate with UI/UX designers, product managers, and other developers to deliver high\-quality software.

Optimize applications for maximum speed, scalability, and security.

Integrate third\-party APIs and external services.

Write clean, reusable, and well\-documented code.

Participate in code reviews and maintain coding standards.

Troubleshoot, debug, and resolve application issues.

Deploy and maintain applications in cloud environments.

Implement automated testing and CI/CD pipelines.

Required Skills \& Qualifications:

Technical Skills:

Strong proficiency in Python.

Experience with Python web frameworks such as:

Django

Flask

FastAPI

Strong knowledge of:

HTML5

CSS3

JavaScript (ES6\+)

Experience with front\-end frameworks:

React.js

Vue.js or Angular (preferred)

Experience with REST APIs and microservices architecture.

Knowledge of relational databases:

PostgreSQL

MySQL

SQLite

Familiarity with NoSQL databases:

MongoDB

Redis

Experience with version control systems such as Git.

Experience with containerization technologies:

Docker

Kubernetes (preferred)

Knowledge of cloud platforms:

AWS, Azure, or Google Cloud Platform

Familiarity with CI/CD tools:

GitHub Actions

Jenkins

GitLab CI/CD

Additional Skills:

Understanding of software architecture and design patterns.

Knowledge of authentication and authorization mechanisms (JWT, OAuth2\).

Experience with unit testing and automated testing frameworks.

Strong problem\-solving and analytical skills.

Excellent communication and teamwork abilities.

Preferred Qualifications:

Bachelor's degree in Computer Science, Engineering, or a related field.

2\+ years of experience in full\-stack web development.

Experience working in Agile/Scrum environments.

Experience with DevOps practices is a plus.

Nice to Have:

Experience with GraphQL.

Knowledge of WebSockets and real\-time applications.

Experience with AI/ML integration and Python libraries.

Familiarity with Elasticsearch and message queues (RabbitMQ, Kafka).

Employment Type:

Full\-time

Experience:

2–3 Years

Location:

On\-site

Example Tech Stack:

Backend: Python, Django/FastAPI, REST API

Frontend: React.js, HTML5, CSS3, JavaScript

Database: PostgreSQL, MySQL, MongoDB

Cloud: AWS/Azure/GCP

Tools: Git, Docker, CI/CD, Linux

Pay: ₹350,000\.00 \- ₹600,000\.00 per year

Benefits:

* Provident Fund

Application Question(s):

* what is current CTC?
* Based on your current CTC, we can provide a salary hike of up to 25%. Would you be comfortable with that?
* This is a night shift position, and the working hours are from 6:00 PM to 2:00 AM. Would that be okay for you?

Experience:

* Fullstack : 3 years (Preferred)
* python : 2 years (Preferred)

Work Location: In person",,https://in.indeed.com/cmp/Jobbycart-Technologies-Private-Limited,,,,,,,,,,,,
in-8bccd5a82d107cc3,indeed,https://in.indeed.com/viewjob?jk=8bccd5a82d107cc3,http://in.indeed.com/job/front-end-developer-8bccd5a82d107cc3,Front End Developer,Exaltt Core Solutions Pvt Ltd,"TN, IN",2026-06-22,fulltime,,,,,,False,,,,,"**Role Summary**

We are looking for a skilled **Front\-End Developer** to join our engineering team and help build intuitive, high\-performance web applications. You will be responsible for translating UI/UX designs into clean, reusable, and well\-tested code. You will work closely with Back\-End Developers, Product Managers, and Designers to deliver seamless digital experiences. If you are passionate about modern JavaScript frameworks, writing elegant code, optimizing performance, and solving complex technical challenges, we want to talk to you.

**Key Responsibilities**

**Application Development \& Implementation**

* Develop new user\-facing features and maintain existing web applications using modern JavaScript frameworks (e.g., React, Vue.js, or Angular).
* Write clean, modular, reusable, and well\-documented code following industry best practices and coding standards.
* Consume RESTful APIs and GraphQL endpoints, handling asynchronous data fetching, state management, and error handling seamlessly.
* Ensure the technical feasibility of UI/UX designs and optimize them for maximum speed, scalability, and responsiveness.
* Build reusable components and front\-end libraries for future use across multiple projects.

**Performance \& Optimization**

* Optimize applications for maximum performance, focusing on Core Web Vitals, Largest Contentful Paint (LCP), First Input Delay (FID), and Cumulative Layout Shift (CLS).
* Implement code\-splitting, lazy\-loading, and efficient asset optimization to reduce bundle sizes and improve load times.
* Monitor and resolve front\-end performance bottlenecks using browser dev tools, Lighthouse, and WebPageTest.
* Ensure all code is optimized for mobile devices and varying network conditions.

**Quality Assurance \& Testing**

* Write and maintain unit tests, integration tests, and end\-to\-end tests using frameworks like Jest, Mocha, Cypress, or Playwright.
* Debug and troubleshoot cross\-browser compatibility issues (Chrome, Firefox, Safari, Edge) and ensure consistent rendering.
* Participate in code reviews to maintain high code quality, share knowledge, and enforce coding standards across the team.

**Collaboration \& Agile Workflow**

* Collaborate closely with Back\-End Developers to define API contracts, data structures, and integration strategies.
* Work with UI/UX Designers to translate Figma/Sketch mockups into functional, interactive components, providing technical feasibility feedback early in the design phase.
* Participate in Agile ceremonies (sprint planning, daily stand\-ups, retrospectives) and contribute to technical design discussions.
* Partner with SEO and Marketing teams to implement technical SEO requirements (semantic HTML, JSON\-LD structured data, meta tags, canonical URLs) and ensure search engine crawlability.

**Continuous Improvement**

* Stay up\-to\-date with the latest front\-end technologies, frameworks, and industry trends.
* Proactively suggest architecture improvements, tooling upgrades, and process enhancements to improve developer experience and product quality.
* Contribute to the team's technical documentation and onboarding materials.

**Qualifications \& Skills**

**Required**

* **Experience:** 4–7 years of professional experience in front\-end web development, with a strong portfolio or GitHub repository showcasing your work.
* **Core Web Technologies:** Expert\-level proficiency in **HTML5**, **CSS3**, and **JavaScript (ES6\+)**.
* **Modern Frameworks:** Deep hands\-on experience with at least one major front\-end framework—**React.js** (preferred), **Vue.js**, or **Angular**. Experience with state management libraries (Redux, Zustand, Vuex, or NgRx) is required.
* **Styling \& Preprocessors:** Proficiency with CSS preprocessors (Sass/SCSS) and modern styling solutions like CSS\-in\-JS (Styled\-Components, Emotion) or utility\-first frameworks (Tailwind CSS).
* **Build Tools:** Experience with modern build tools and module bundlers such as Webpack, Vite, Parcel, or Rollup.
* **Version Control:** Strong proficiency with **Git** and collaborative workflows (GitHub, GitLab, or Bitbucket).
* **API Integration:** Solid understanding of RESTful APIs, asynchronous programming (Promises, async/await), and WebSockets.
* **Testing:** Experience writing unit and integration tests (Jest, React Testing Library, Vue Test Utils, or Jasmine).
* **Problem\-Solving:** Strong debugging, problem\-solving, and analytical skills with meticulous attention to detail.

**Preferred (Great to Haves)**

* **Education:** Bachelor’s degree in Computer Science, Software Engineering, or a related field (or equivalent practical experience).
* **TypeScript:** Strong experience with **TypeScript** for type\-safe development.
* **Server\-Side Rendering (SSR):** Experience with Next.js (React) or Nuxt.js (Vue) for SSR and static site generation.
* **Headless CMS:** Experience integrating with headless CMS platforms (Contentful, Sanity, Strapi, or Prismic).
* **SEO Technical Knowledge:** Strong understanding of semantic HTML, JSON\-LD structured data, canonical tags, hreflang, and how JavaScript frameworks impact SEO (e.g., hydration, client\-side vs. server\-side rendering).
* **Performance Tools:** Experience using Lighthouse, WebPageTest, and Chrome DevTools for performance profiling and optimization.
* **DevOps:** Familiarity with CI/CD pipelines, Docker, or cloud deployment platforms (AWS, Vercel, Netlify, or Azure).
* **Mobile Development:** Experience with React Native, Ionic, or other hybrid mobile frameworks is a plus.

Pay: ₹308,247\.39 \- ₹1,496,067\.18 per year

Work Location: In person",,https://in.indeed.com/cmp/Exaltt-Core-Solutions-Pvt-Ltd,,,,,,,,,,,,
in-8f6c91635c609c6a,indeed,https://in.indeed.com/viewjob?jk=8f6c91635c609c6a,http://in.indeed.com/job/uiux-developer-8f6c91635c609c6a,UI/UX Developer,Exaltt Core Solutions Pvt Ltd,"TN, IN",2026-06-22,fulltime,,,,,,False,,,,,"We are seeking a talented **UI/UX Developer** who bridges the gap between design and engineering. In this role, you will be responsible for transforming high\-fidelity design mockups and wireframes into fully functional, pixel\-perfect, and highly interactive front\-end code. You are deeply empathetic to user needs, obsessive about visual detail, and equally passionate about writing clean, performant HTML, CSS, and JavaScript. You don't just build what you're told—you proactively refine the user experience during development to ensure the end product is both beautiful and bulletproof.

**Key Responsibilities**

**Front\-End Development \& Implementation**

* Translate UI/UX design wireframes and Figma prototypes into responsive, cross\-browser compatible, and accessible web pages and applications.
* Write semantic, clean, and well\-documented **HTML5**, **CSS3** (Sass/SCSS), and **JavaScript** (ES6\+) code.
* Develop reusable UI components and maintain a consistent design system or component library (e.g., Storybook) for scaling across projects.
* Optimize web pages for maximum speed, Core Web Vitals, and overall performance (lazy loading, code splitting, image optimization, etc.).
* Ensure all code meets accessibility standards (WCAG 2\.1 AA) to guarantee an inclusive user experience.

**User Experience \& Interaction Design**

* Collaborate with Product Managers and UX Researchers to translate user flows, journey maps, and wireframes into interactive, high\-fidelity prototypes.
* Build smooth, intuitive micro\-interactions, animations, and transitions that enhance the user experience without sacrificing performance.
* Conduct rapid prototyping and A/B testing of UI variations to validate design decisions and improve conversion rates.
* Proactively identify UX friction points during the development process and suggest iterative improvements to stakeholders.

**Design \& Visual Execution**

* Maintain and evolve the company’s design system, ensuring brand consistency across typography, color palettes, spacing, and iconography.
* Create or modify UI assets (icons, illustrations, graphics) using design tools when needed, bridging visual design and code.
* Ensure pixel\-perfect implementation across all major browsers, devices, and screen sizes (mobile\-first approach).

**Collaboration \& Cross\-Functional Work**

* Act as the crucial liaison between the Design and Engineering teams, translating design intent into technical requirements and vice versa.
* Participate in design critiques, providing development feasibility insights early in the design phase to prevent costly rework later.
* Work closely with Back\-End Developers to integrate APIs and dynamic data into polished front\-end interfaces.
* Collaborate with SEO and Marketing teams to ensure UI implementations support organic search visibility (semantic HTML, structured data, page speed).

**Qualifications \& Skills**

**Required**

* **Experience:** 3–6 years of professional experience in front\-end development with a strong emphasis on UI/UX implementation. A portfolio showcasing both your design sensibility and your code is essential.
* **Front\-End Mastery:** Expert\-level proficiency in **HTML5**, **CSS3** (Flexbox, Grid, animations), and **JavaScript** (ES6\+). Experience with modern frameworks like **React.js**, **Vue.js**, or **Angular** is highly preferred.
* **Responsive Design:** Deep understanding of responsive and mobile\-first design principles, media queries, and fluid layouts.
* **Design Tool Proficiency:** Advanced working knowledge of **Figma**, Sketch, or Adobe XD (you must be able to inspect designs, extract assets, and understand design systems).
* **Version Control:** Proficiency with **Git** and collaborative workflows (GitHub/GitLab/Bitbucket).
* **Performance Optimization:** Strong understanding of web performance metrics, Core Web Vitals, Lighthouse auditing, and optimization techniques.
* **Cross\-Browser/Device Testing:** Experience debugging and ensuring consistent functionality across all major browsers and devices.

**Preferred (Great to Haves)**

* **Education:** Bachelor’s degree in Computer Science, Web Development, Graphic Design, HCI, or a related field (or equivalent practical experience).
* **Design System Experience:** Experience building or maintaining component libraries and design systems (e.g., Storybook, Chakra UI, Material\-UI).
* **Animation:** Skills in CSS animations, JavaScript animation libraries (GSAP, Framer Motion), or Lottie for micro\-interactions.
* **SEO/Technical Knowledge:** Understanding of semantic HTML, JSON\-LD structured data, and how front\-end choices impact search engine crawling and indexing.
* **Build Tools:** Familiarity with build tools and bundlers like Webpack, Vite, or Parcel.
* **CMS Experience:** Experience developing custom themes/templates for CMS platforms like WordPress, Webflow, or Shopify.
* **Testing:** Experience with unit testing, integration testing, or end\-to\-end testing frameworks (Jest, Cypress, Playwright).

Pay: ₹12,314\.54 \- ₹48,778\.39 per month

Work Location: In person",,https://in.indeed.com/cmp/Exaltt-Core-Solutions-Pvt-Ltd,,,,,,,,,,,,
in-ad49adf66d8c9c66,indeed,https://in.indeed.com/viewjob?jk=ad49adf66d8c9c66,http://in.indeed.com/job/full-stack-developer-ad49adf66d8c9c66,Full Stack Developer,Exaltt Core Solutions Pvt Ltd,"TN, IN",2026-06-22,fulltime,,,,,,True,,,,,"We are looking for a skilled and motivated Full Stack Developer with a strong emphasis on **Backend Development** to join our dynamic engineering team. In this role, you will be primarily responsible for designing, building, and maintaining the server\-side logic, databases, and APIs that power our applications. While your focus will be on the backend, you will also have the opportunity to work across the entire stack, contributing to a seamless and robust user experience.

You are the ideal candidate if you are passionate about creating scalable, efficient, and secure systems and enjoy solving complex technical challenges.

**Key Responsibilities**

**Backend Development (Primary Focus \- 70%):**

* Design, develop, and maintain robust, scalable, and secure server\-side applications and APIs.
* Build and optimize database schemas, write efficient queries, and manage data storage solutions.
* Implement backend services and microservices using \[List your primary backend language, e.g., Node.js, Python, Java, C\#/.NET].
* Integrate with third\-party services, APIs, and data sources.
* Ensure application performance, quality, and responsiveness.
* Implement security and data protection best practices.

**Full Stack Contribution (30%):**

* Collaborate with front\-end developers to integrate user\-facing elements with server\-side logic.
* Develop and maintain front\-end components as needed using \[List your primary frontend framework, e.g., React, Angular, Vue.js].
* Participate in the entire application lifecycle, focusing on coding, debugging, and testing.
* Bridge the gap between frontend design and technical implementation.

**Collaboration \& Process:**

* Work closely with product managers, designers, and other engineers to define, design, and ship new features.
* Participate in code reviews to maintain high code quality and share knowledge.
* Contribute to architectural decisions and technical planning.

**Qualifications \& Skills**

**Required:**

* 3\+ years of professional experience in software development with a focus on backend technologies.
* Strong proficiency in one or more backend programming languages such as **Node.js, Python, Java, or C\#**.
* Solid experience with relational databases (e.g., **PostgreSQL, MySQL**) and/or NoSQL databases (e.g., **MongoDB, Redis**).
* Proven experience in designing and building **RESTful APIs**; familiarity with GraphQL is a plus.
* Experience with version control systems, preferably **Git**.
* Understanding of fundamental design principles behind scalable applications.
* Ability to work effectively in a collaborative team environment.

**Nice\-to\-Have:**

* Experience with cloud platforms like **AWS, Google Cloud, or Azure**.
* Knowledge of containerization and orchestration (e.g., **Docker, Kubernetes**).
* Experience with backend frameworks (e.g., Express.js, Django, Spring Boot, .NET Core).
* Familiarity with frontend technologies (e.g., **React, TypeScript, HTML5, CSS3**).
* Understanding of CI/CD pipelines and DevOps practices.
* Experience with testing frameworks for both backend and frontend.

**What We Offer**

* Competitive salary and equity/performance bonus.
* Comprehensive health, dental, and vision insurance.
* 401(k) with company matching.
* Flexible work hours and remote/hybrid work options.
* Generous paid time off and holiday schedule.
* Professional development budget for conferences, courses, and certifications.
* A collaborative and supportive company culture with opportunities for growth.

**How to Apply**

If you are a passionate developer who thrives on backend challenges but enjoys the big picture of full\-stack development, we would love to hear from you!

Job Types: Full\-time, Permanent

Pay: ₹320,989\.20 \- ₹1,502,323\.74 per year

Benefits:

* Flexible schedule
* Internet reimbursement
* Leave encashment
* Work from home

Work Location: In person",,https://in.indeed.com/cmp/Exaltt-Core-Solutions-Pvt-Ltd,,,,,,,,,,,,
in-a5cfe42fe4e88b43,indeed,https://in.indeed.com/viewjob?jk=a5cfe42fe4e88b43,http://in.indeed.com/job/full-stack-developer-a5cfe42fe4e88b43,Full Stack Developer,Ficode Software Solutions Private Limited,"PB, IN",2026-06-22,fulltime,,,,,,False,,,,,"Location: Bestech Business Towers, Mohali (On\-site)

Experience Required: 3–6 Years

Key Skills \& Expertise:

Strong hands\-on experience in Node.js \& Full Stack Development

Database expertise: MongoDB \+ SQL (MySQL/PostgreSQL)

REST APIs, OAuth2 \& third\-party integrations

Linux environment, PM2 \& Swagger/OpenAPI

Working knowledge of React / Angular / Vue.js

Pay: ₹1,000,000\.00 \- ₹1,700,000\.00 per year

Work Location: In person",,https://in.indeed.com/cmp/Ficode-Software-Solutions-Private-Limited,,,,,,,,,,,,
in-fd42f1b803078e08,indeed,https://in.indeed.com/viewjob?jk=fd42f1b803078e08,http://in.indeed.com/job/full-stack-php-developer-fd42f1b803078e08,Full Stack PHP Developer,Eltro Cyberchrome pvt Ltd,"KL, IN",2026-06-21,fulltime,,,,,,True,,,,,"Full Stack Backend PHP Developer

**Company:** Eltro Cyberchrome Private Limited

**Job Type:** Full\-Time

**Work Mode:** Hybrid: some on\-site work required

**Salary:** ₹15,000 per month (Fixed)

**Contact:** \+91 99466 72888

***About Cyberchrome***

**Eltro Cyberchrome Private Limited** is a Private Limited IT Company providing Business Development Solutions to businesses across multiple industries. Established in 2019, the company spent 7 years developing practical systems and innovative solutions designed to simplify business operations and support sustainable growth. Today, Cyberchrome helps organizations transform ideas into successful businesses through technology, automation, digital transformation, and strategic business support.

We are looking for a passionate and dedicated **Full Stack Backend PHP Developer** who enjoys building secure, scalable, and high\-performance web applications.

***Key Responsibilities***

* Develop, maintain, and optimize PHP\-based web applications.
* Build scalable backend systems and REST APIs.
* Develop responsive front\-end interfaces using HTML, CSS, JavaScript, and Bootstrap.
* Design and manage MySQL databases.
* Integrate third\-party APIs and payment gateways.
* Debug, troubleshoot, and improve existing applications.
* Collaborate with UI/UX designers and project coordinators.
* Maintain clean, secure, and well\-documented code.
* Participate in code reviews and continuous improvements.
* Deliver projects within deadlines while maintaining high\-quality standards.

***Required Technical Skills***

* Strong knowledge of PHP.
* Experience with MySQL or MariaDB.
* HTML5, CSS3, JavaScript, AJAX, and jQuery.
* Bootstrap or similar responsive frameworks.
* REST API development and integration.
* JSON and API handling.
* Git/GitHub version control.
* Basic Linux hosting and deployment knowledge.
* Understanding of web security and performance optimization.

***Preferred Skills***

Experience with any of the following will be an added advantage:

* Laravel
* CodeIgniter
* Vue.js or React
* Docker
* Redis
* WebSocket
* AI API integrations (OpenAI, Gemini, etc.)
* Cloud hosting (AWS, DigitalOcean, Azure)
* cPanel / WHM
* Domain \& Hosting Management

***Eligibility***

* Bachelor's Degree in Computer Science, Information Technology, or a related field (preferred).
* 1–3 years of PHP development experience is an added advantage.
* Good communication and problem\-solving skills.
* Ability to work independently in a remote environment.
* Passion for learning new technologies.

***Work Requirements***

* Personal laptop or desktop with good specifications.
* Reliable high\-speed internet connection.
* Quiet and professional work environment.
* Availability during company working hours.
* Ability to attend daily online meetings.

***Salary \& Benefits***

* Fixed Salary: **₹15,000 per month**
* Opportunity to work on real\-world business applications.
* Exposure to AI, automation, and business development projects.
* Continuous learning and professional growth.
* Performance\-based career advancement.

***Who Should Apply?***

We are looking for developers who are:

* Passionate about coding and problem\-solving.
* Self\-disciplined and responsible.
* Eager to learn new technologies.
* Comfortable working independently.
* Committed to writing clean, efficient, and secure code.
* Interested in building products that create real business value.

***How to Apply***

Apply through Indeed with your updated resume. Shortlisted candidates will be contacted for an online interview.

***Phone Number: \+91 9946672888***

Job Type: Full\-time

Pay: ₹15,000\.00 per month

Education:

* Bachelor's (Preferred)

Work Location: Remote",,https://in.indeed.com/cmp/Eltro-Cyberchrome-Pvt-Ltd-1,,,,,,,,,,,,
in-a67efae4de2cbde9,indeed,https://in.indeed.com/viewjob?jk=a67efae4de2cbde9,http://in.indeed.com/job/full-stack-developer-a67efae4de2cbde9,Full Stack Developer,Kiran Information Technology Enabled Services,"TN, IN",2026-06-21,fulltime,,,,,,False,,,,,"We, Kiran ITES are pioneers in the Web Development Industry in Coimbatore. We have completed 28 years of service. We are currently looking for FULL STACK DEVELOPERS to work in our office in Coimbatore Gandhipuram / Tatabad area.

The candidate should have Excellent knowledge in HTML5, CSS3, JavaScript, JQuery, Bootstrap, PHP, MySQL, APIs. Good Working knowledge and experience in React, Angular, or Vue.js, JavaScript/TypeScript (Node.js), Python, Tailwind CSS will be added advantage. Strong debugging and analytical skills to troubleshoot issues will give an edge over others. Apply only if you have with minimum 1 year same working experience.

Pay: ₹150,000\.00 \- ₹250,000\.00 per year

Benefits:

* Leave encashment
* Paid sick time

Work Location: In person",,https://in.indeed.com/cmp/Kiran-Information-Technology-Enabled-Services,https://d2q79iu7y748jz.cloudfront.net/s/_squarelogo/256x256/c42fdd0a6d2711ec4e3576be218e5790,https://www.kiranites.com,"New 124 Old 760-A
Dr.Radhakrishna Road
(Opp. ICICI Bank)
Tatabad
Coimbatore 641 012 ",,,"KITES the Website Designing Company in Coimbatore offers development of Websites, Web based applications, Web Portals, E-commerce Website and all web related services for more than 23 years",,,,,,
in-9103b94b744c3ac9,indeed,https://in.indeed.com/viewjob?jk=9103b94b744c3ac9,https://atlantasys.zohorecruit.com/jobs/Careers/816292000003601062/Vue-js-Developer?source=CareerSite,Vue.js Developer,Atlanta Systems,"DL, IN",2026-06-20,fulltime,,,,,,False,,,,,"### **Job Information**


Date Opened


**06/20/2026**Job Type


**Full time**Industry


**Telecommunications**Work Experience


**1\-3 years**Salary


**3 to 4\.5 LPA**City


**New Delhi**State/Province


**Delhi**Country


**India**Zip/Postal Code


**110001**### **About Us**


Established in 1994, Atlanta Systems Private Limited has been a cornerstone in India's ICT landscape for nearly three decades. As a trusted leader in IoT\-GPS Telematics hardware products \& solutions, we have delivered over a million connected devices to thousands of users arounds the world, reflecting our unwavering commitment to quality and innovation. Our product range is designed to cater to diverse market needs, making us a preferred partner for our clients and channel partners alike.  

Our core strength is rooted in our in\-house expertise spanning hardware product conceptualization, design ideation and development, implementation of embedded systems, software development. In addition, we indigenously manufacture our products with the help of a state\-of\-the\-art SMT manufacturing facility, fully equipped with advanced quality control technologies and certified governance practices, ensuring the highest standards of product excellence and innovation.  

With a strong commitment to the Make\-In\-India initiative, we integrate certified governance standards to ensure excellence in every aspect of our operations. Our dedicated team of professionals drives our success, ensuring we remain at the forefront of industry evolution and transformation.  

### **Job Description**


Job Description – Vue.js Developer **Company:** Atlanta Systems Pvt. Ltd.  

**Location:** Connaught Place, New Delhi  

**Experience Required:** 1\.5 – 3 Years  

**Joining:** Immediate Joiners Preferred  

**Job Type:** Full\-Time**Role Overview**
-----------------

  

We are looking for a skilled **Vue.js Developer** to join our development team. The ideal candidate should have strong frontend development experience and hands\-on expertise in building responsive, high\-performance web applications using Vue.js.

**Key Responsibilities**
------------------------

* Develop and maintain scalable web applications using **Vue.js**
* Build reusable and efficient frontend components
* Integrate frontend with REST APIs and backend services
* Optimize applications for maximum speed and performance
* Debug and resolve technical issues efficiently
* Collaborate with designers, developers, and cross\-functional teams
* Ensure responsive design and cross\-browser compatibility

**Required Skills**
-------------------

* Strong proficiency in **Vue.js**, JavaScript, HTML, and CSS
* Experience with **Vuex / Pinia**, component lifecycle, and state management
* Good understanding of REST API integration
* Knowledge of responsive UI development and performance optimization
* Experience with **Git** / version control
* Strong debugging and problem\-solving skills

**Eligibility**
---------------

* 1\.5–3 years of relevant experience in frontend development
* Immediate joiners preferred
* Good communication and team collaboration skills",,https://in.indeed.com/cmp/Atlanta-Systems,,,,,,,,,,,,
in-07d18b3e07f95a13,indeed,https://in.indeed.com/viewjob?jk=07d18b3e07f95a13,http://in.indeed.com/job/full-stack-web-developer-delhi-1-or-more-years-experience-07d18b3e07f95a13,Full Stack Web Developer- DELHI-1 or more years of Experience,MATRIX INTERTECH PVT. LTD.,"DL, IN",2026-06-20,fulltime,,,,,,False,,,,,"responsible for the end\-to\-end development of web applications. They build and maintain both the client\-facing front\-end (user interface) and the server\-side back\-end (logic, servers, and databases), managing the entire software lifecycle from conception to deployment.

* **Architecture \& UI/UX:** Translate wireframes and UI designs into responsive, visually appealing, and intuitive user interfaces.
* **Frameworks:** Develop dynamic web pages using modern frameworks (e.g., React, Angular, or Vue.js).
* **Optimization:** Ensure cross\-browser compatibility and optimize front\-end performance for faster load times on all devices, especially mobile. \[1, 2, 3, 4]

Back\-End (Server\-Side)

* **Server Logic:** Build secure, scalable server\-side architecture and business logic using languages like Node.js, Python, Java, or C\#.
* **Database Management:** Design, create, and maintain relational (e.g., PostgreSQL, MySQL) and non\-relational (e.g., MongoDB) database

Pay: ₹20,000\.00 \- ₹35,000\.00 per month

Work Location: In person",,https://in.indeed.com/cmp/Matrix-Intertech-Pvt.-Ltd.,,,,,,,,,,,,
in-af184dce0f722091,indeed,https://in.indeed.com/viewjob?jk=af184dce0f722091,http://in.indeed.com/job/full-stack-developer-af184dce0f722091,Full Stack Developer,Best Hawk Infosystem,"UP, IN",2026-06-20,fulltime,,,,,,False,,,,,"Job Title: Full Stack Developer

Experience: Minimum 3 Years Location: Noida Sec 63

Timings: 10:00 AM to 6:00 PM

Employment Type: Full\-time

Job Description

We are seeking an experienced Full Stack Developer with a minimum of 3 years of hands\-on experience in building and maintaining web applications, including e\-commerce platforms. The ideal candidate should be proficient in both front\-end and back\-end technologies and capable of delivering secure, scalable, and high\-performance solutions.

Key Responsibilities

Design, develop, and maintain end\-to\-end web applications, including e\-commerce websites

Develop responsive and user\-friendly front\-end interfaces using HTML, CSS, and JavaScript

Build and maintain back\-end services using Node.js, Python, Java, and PHP

Design, manage, and optimize SQL databases

Implement e\-commerce features such as product catalogs, shopping carts, payment gateway integration, and order management

Ensure website performance, security, and scalability

Collaborate with designers, product managers, and other developers to deliver new features

Debug, test, and optimize applications across browsers and devices

Required Skills \& Qualifications

Minimum 3 years of experience as a Full Stack Developer

Strong knowledge of HTML, CSS, and JavaScript

Hands\-on experience with Node.js, Python, Java, and PHP

Strong understanding of SQL and database management

Proven experience working on e\-commerce websites

Experience with RESTful APIs and version control tools (Git)

Ability to work independently.

Preferred Skills (Nice to Have)

Experience with e\-commerce platforms like Shopify, Magento, or WooCommerce

Familiarity with front\-end frameworks such as React, Angular, or Vue.js

Experience with payment gateways and third\-party integrations

Knowledge of cloud deployment and CI/CD pipelines

What We Offer

Competitive salary

Career growth opportunities

Collaborative and innovative work environment

Pay: ₹30,000\.00 \- ₹35,000\.00 per month

Benefits:

* Food provided
* Internet reimbursement
* Paid sick time
* Paid time off
* Provident Fund

Work Location: In person",,https://in.indeed.com/cmp/Best-Hawk-Infosystem,,,,,,,,,,,,
in-ee560ae840552f05,indeed,https://in.indeed.com/viewjob?jk=ee560ae840552f05,http://in.indeed.com/job/front-end-developer-ee560ae840552f05,Front End Developer,Sugar Cubes Advertising Agency,"DL, IN",2026-06-20,fulltime,,,,,,True,,,,admin@sugarcubes.co.in,"**Frontend Developer (WordPress \& Shopify)**

**Company**: Sugar Cubes Advertising Agency  
**Location**: Delhi / Remote  
**Experience**: 1\-3 years  
**Employment Type**: Full\-time

**About Sugar Cubes Advertising Agency**

We are a creative powerhouse based in Delhi, known for crafting innovative digital solutions that empower brands. At Sugar Cubes, we blend strategy, design, and technology to create impactful web experiences. We are seeking a skilled **Frontend Developer** with expertise in **WordPress** and **Shopify** to join our dynamic team and help bring our clients’ visions to life.

**Key Responsibilities**

* Build, customize, and maintain websites on **WordPress** and **Shopify**.
* Translate UI/UX designs into functional, responsive websites using **HTML, CSS, and JavaScript**.
* Customize WordPress themes, plugins, and Shopify liquid templates as per project needs.
* Collaborate with designers, content creators, and backend developers to ensure cohesive digital experiences.
* Optimize websites for performance, speed, and SEO best practices.
* Ensure cross\-browser compatibility and mobile responsiveness.
* Troubleshoot, debug, and enhance website functionality as required.
* Stay updated on the latest web technologies and trends.

**Required Skills and Qualifications**

* **1\+ years of experience** as a Frontend Developer with proven expertise in **WordPress** and **Shopify**.
* Strong knowledge of **HTML5, CSS3, JavaScript**, and frameworks like **Bootstrap** or **Tailwind CSS**.
* Experience with WordPress theme/plugin customization and Shopify liquid templating.
* Familiarity with version control tools like **Git**.
* Understanding of **SEO** and performance optimization techniques.
* Excellent problem\-solving skills and attention to detail.
* Strong communication and teamwork abilities.

**Preferred Skills**

* Experience with **React** or **Vue.js** frameworks.
* Knowledge of headless CMS and API integration.
* Basic proficiency in **PHP** and **MySQL** for WordPress development.

**Why Join Us?**

* Work with a passionate and innovative team in a creative environment.
* Competitive salary and benefits package.
* Opportunities for learning, growth, and professional development.
* Flexible working options.

**How to Apply:**  
If you’re ready to make an impact and grow with us, send your resume and portfolio to **admin@sugarcubes.co.in** with the subject line **“Frontend Developer Application – WordPress \& Shopify”**.

or call us at:\- \+91\- 9818176812

We look forward to hearing from you!

Job Type: Full\-time

Pay: ₹12,000\.00 \- ₹22,000\.00 per month

Benefits:

* Paid time off
* Work from home

Work Location: In person",,https://in.indeed.com/cmp/Sugar-Cubes-Advertising-Agency,,,,,,,,,,,,
in-77932b258896e515,indeed,https://in.indeed.com/viewjob?jk=77932b258896e515,http://in.indeed.com/job/senior-web-developer-walk-interview-77932b258896e515,Senior Web Developer [ Walk In Interview ],,"TN, IN",2026-06-20,fulltime,,,,,,False,,,,,"**Job Title:** Senior Web Developer

**Location:** Goldwins, Coimbatore

**Company:** Michael Groups

**Walk\-in Interview**

**Location:** Goldwins, Nehru Nagar, Coimbatore

**Interview Days:** Tuesday, Wednesday \& Thursday

**Interview Timings:**

* **Morning:** 9:00 AM – 12:00 PM
* **Evening:** 4:00 PM – 6:00 PM

Interested candidates are invited to attend the walk\-in interview during the above timings. Please bring your updated resume and relevant documents.

Contact : \+91 98948 56954

Location :

MICHAEL MATHU AND MARY TRADING CO. L.L.C

Ground Floor, Duraiswamy Street, 63, Thottipalayam Rd, Goldwins, Periyar Nagar, Nehru Nagar West, Coimbatore, Tamil Nadu 641014, India

Job Summary

Michael Groups is seeking an experienced and motivated **Senior Web Developer** to lead the design, development, and maintenance of high\-performance web applications. The ideal candidate has strong technical expertise, leadership skills, and a passion for building scalable, secure, and user\-friendly web solutions.

Key Responsibilities

* Design, develop, test, and deploy responsive web applications.
* Lead frontend and backend development projects from concept to production.
* Collaborate with UI/UX designers, project managers, and business stakeholders to deliver high\-quality solutions.
* Write clean, maintainable, and well\-documented code following industry best practices.
* Optimize applications for speed, scalability, and security.
* Review code, mentor junior developers, and enforce coding standards.
* Integrate third\-party APIs, payment gateways, and cloud services.
* Troubleshoot, debug, and resolve production issues.
* Implement CI/CD pipelines and version control best practices.
* Stay updated with emerging web technologies and recommend improvements.

Required Skills \& Qualifications

* Bachelor's degree in Computer Science, Information Technology, or a related field.
* **5–8\+ years** of professional web development experience.
* Strong proficiency in:
* HTML5, CSS3, JavaScript (ES6\+)
* React.js, Angular, or Vue.js
* Node.js, PHP (Laravel), or ASP.NET Core
* RESTful APIs and JSON
* MySQL, PostgreSQL, or MongoDB
* Experience with Git and collaborative development workflows.
* Knowledge of cloud platforms such as AWS, Azure, or Google Cloud is an advantage.
* Familiarity with Docker, CI/CD pipelines, and Agile methodologies.
* Strong understanding of web security and performance optimization.
* Excellent problem\-solving, communication, and leadership skills.

Preferred Qualifications

* Experience leading development teams.
* Knowledge of SEO best practices and web accessibility (WCAG).
* Experience with microservices architecture.
* Relevant certifications in cloud technologies or web development are an added advantage.

What We Offer

* Competitive salary based on experience.
* Performance\-based incentives.
* Professional development and training opportunities.
* Collaborative and innovative work environment.
* Career growth within Michael Groups.

Employment Type

* Full\-Time

Work Location

* Michael Groups, Goldwins, Coimbatore

How to Apply

Interested candidates may submit their updated resume along with a portfolio or links to recent projects (if available). Shortlisted candidates will be contacted for the interview process.

Pay: ₹35,000\.00 \- ₹40,000\.00 per month

Work Location: In person",,https://in.indeed.comNone,,,,,,,,,,,,
in-47df97df9182af98,indeed,https://in.indeed.com/viewjob?jk=47df97df9182af98,http://in.indeed.com/job/java-full-stack-developer-47df97df9182af98,Java Full Stack Developer,Madaan Exports,"TS, IN",2026-06-19,fulltime,,,,,,False,,,,,"**Role – Java Full Stack Developer**

**Experience: 3\+ years**  
**Location : Hyderabad**

**Role Overview**  
Java Full Stack Developer who can work across the entire application stack—from backend services to frontend interfaces. This role requires strong Java backend expertise combined with modern frontend development skills to build complete, end\-to\-end features for our product platforms.

**Key Responsibilities**

* Develop full\-stack features from backend APIs to frontend UI components
* Build scalable backend services using Java and Spring Boot
* Design and implement responsive frontend interfaces using modern JavaScript frameworks
* Integrate frontend applications with RESTful APIs
* Ensure code quality, performance, and security across the stack
* Participate in system design and architecture discussions
* Write unit tests and integration tests for both backend and frontend
* Collaborate with designers, product managers, and other developers
* Debug and resolve issues across the full application stack

**Required Skills \& Experience**

* Strong proficiency in Java (8\+) and Spring Boot for backend development
* Experience with frontend frameworks (React, Angular, or Vue.js)
* Solid understanding of JavaScript (ES6\+), HTML5, and CSS3
* Experience building and consuming RESTful APIs
* Working knowledge of SQL databases and ORM frameworks (JPA/Hibernate)
* Familiarity with responsive design and CSS frameworks (Bootstrap, Tailwind)
* Experience with version control (Git) and CI/CD workflows
* Understanding of web security best practices

**Good to Have**

* Experience with microservices architecture
* Knowledge of state management libraries (Redux, Vuex)
* Exposure to cloud platforms (AWS / Azure / GCP)
* Experience with containerization (Docker, Kubernetes)
* Familiarity with TypeScript
* Knowledge of testing frameworks (JUnit, Jest, Cypress)
* Understanding of NoSQL databases (MongoDB, Redis)
* Experience with build tools (Webpack, Vite) and package managers (npm, yarn)

**What We Offer**

* End\-to\-end ownership of product features
* Opportunity to work with modern full\-stack technologies
* Collaborative and innovative engineering culture
* Competitive compensation and professional growth opportunities

Pay: ₹379,053\.42 \- ₹1,829,246\.29 per year

Experience:

* Java: 4 years (Preferred)
* Front\-end frameworks: 3 years (Preferred)

Work Location: In person",,https://in.indeed.com/cmp/Madaan-Exports,,,,,,,,,,,,
in-c29fad1966966798,indeed,https://in.indeed.com/viewjob?jk=c29fad1966966798,http://in.indeed.com/job/php-laravel-vue-js-developer-c29fad1966966798,PHP Laravel + Vue. Js Developer,Myra Technolabs,"GJ, IN",2026-06-19,fulltime,,,,,,False,,,,,"**Job Title:** PHP Laravel \+ Vue.js Developer

**Experience:** 4–6 Years  
**Location:** Ahmedabad (On\-site)  
**Company:** Myra Technolabs

**About Us:**

Myra Technolabs is a growing software development company focused on delivering scalable, high\-quality web and mobile solutions. We work with global clients and emphasize clean code, modern design, and efficient project execution.

**Job Overview:**

We are looking for a skilled **PHP Laravel \+ Vue.js Developer** with 4–6 years of experience to join our team. The ideal candidate should have strong technical expertise along with excellent communication skills to effectively collaborate with clients and internal teams.

**Key Responsibilities:**

* Develop, test, and maintain web applications using **Laravel** and **Vue.js**
* Build efficient, reusable, and scalable backend systems
* Design and implement RESTful APIs
* Integrate third\-party APIs and services
* Collaborate with UI/UX designers to implement responsive interfaces
* Optimize applications for performance and scalability
* Troubleshoot, debug, and upgrade existing systems
* Communicate with clients to understand requirements and provide updates

**Required Skills:**

* Strong experience in **PHP** and **Laravel Framework**
* Hands\-on experience with **Vue.js**
* Good understanding of **JavaScript, HTML, CSS, and Bootstrap/Tailwind**
* Experience with **REST APIs** and third\-party integrations
* Knowledge of **MySQL** or other relational databases
* Familiarity with **Git/version control systems**
* Understanding of MVC architecture and best coding practices

**Soft Skills (Must Have):**

* Excellent **communication skills (written \& verbal)**
* Ability to interact confidently with clients
* Strong problem\-solving and analytical thinking
* Team player with a proactive attitude

**Good to Have:**

* Experience with **Laravel packages and ecosystem**
* Basic knowledge of **DevOps (CI/CD, deployment)**
* Exposure to **Agile/Scrum methodologies**

**Why Join Us:**

* Opportunity to work on international projects
* Collaborative and growth\-focused environment
* Skill development and learning opportunities

Job Type: Full\-time

Pay: Up to ₹70,000\.00 per month

Benefits:

* Flexible schedule
* Paid sick time
* Paid time off

Education:

* Bachelor's (Required)

Experience:

* Laravel: 3 years (Preferred)
* Vue.js: 2 years (Preferred)

Location:

* Ahmedabad, Gujarat (Ahmedabad) (Preferred)

Work Location: In person",,https://in.indeed.com/cmp/Myra-Technolabs,,,,,,,,,,,,
in-89f3976227138be3,indeed,https://in.indeed.com/viewjob?jk=89f3976227138be3,https://www.thepsi.com/careers/open-positions/?src%3Dcareers%26p%3DeyJwYWdlVHlwZSI6ImpkIiwiY3ZTb3VyY2UiOiJjYXJlZXJzIiwicmVxSWQiOjM5MywicmVxdWVzdGVyIjp7ImlkIjoiIiwiY29kZSI6IiIsIm5hbWUiOiIifSwicGFnZSI6ImNhcmVlcnMiLCJidWZpbHRlciI6LTEsImN1c3RvbUZpZWxkcyI6e319,.Net Fullstack Developer + GenAI,Pratham Software,"RJ, IN",2026-06-19,,,,,,,False,,,,,"ID: 393 \| 3\-4 yrs \| Jaipur \| careers
**Gen AI .Net Full Stack Sr. Software Engineer – F2 Band**

**Must Have Skills:**


1\. Excellent communication and analytical skills


2\. 3–4 years of professional experience in software development.


3\. Strong hands\-on experience in .NET 6\+ with C\# for backend development.


4\. Working experience of minimum one of the modern frontend frameworks: Angular, React, Vue etc.


5\. Working knowledge of cloud platforms (AWS or Azure) and cloud\-native development concepts.


6\. Good knowledge of RDBMS / No SQL / Graph concepts and able to write queries or through ORM Layer (Entity Framework / LINQ)


7\. Good understanding of REST APIs, Microservices, authentication/authorization.


8\. Hands\-on experience integrating AI/ML solutions into applications.


9\. Experience with Git, branching strategies, CI/CD pipelines, and DevOps best practices.


10\. Expertise in writing high\-quality, secure, and maintainable code using design patterns and best practices.


11\. Strong skills in debugging, troubleshooting, and improving application performance.


12\. Understanding of software engineering best practices, including SOLID principles, design patterns, and unit testing using any framework like NUnit/XUnit/Playwright etc.


13\. Knowledge of security best practices

 **Must Have Technologies**


1\. .Net Framework / Core


2\. C\#


3\. MS\-SQL / Postgres


4\. Angular / React / Vue.js


5\. AI Agents/Tools


6\. LangChain, LangGraph, Semantic Kernel, AutoGen, CrewAI, or similar frameworks


7\. Azure / AWS


8\. Security best practices (OWASP Guideline)


9\. Machine Learning concepts and model deployment

 **Good to Have Skills:**


1\. Prior experience in containerization tools like Docker and orchestration frameworks like Kubernetes


2\. Exposure to serverless components (AWS Lambda / Azure Functions)


3\. Familiarity with monitoring and logging tools (CloudWatch, App Insights, Grafana, etc.)


4\. Knowledge of Agile / Scrum methodology and JIRA are added advantage


5\. Hands on experience leveraging AI tools in design \& development


6\. AWS / AZURE intermediate or professional certification

 **Key Responsibilities:**


1\. Design, develop, test, and maintain full\-stack applications using .NET technologies.


2\. Build responsive and user\-friendly web applications using modern front\-end frameworks.


3\. Develop and consume RESTful APIs and microservices.


4\. Integrate AI/ML models, Generative AI solutions, and intelligent automation features into enterprise applications.


5\. Work with Large Language Models (LLMs) such as OpenAI, Azure OpenAI, or similar AI platforms.


6\. Implement AI\-powered features such as chatbots, document processing, content generation, recommendation engines, and predictive analytics.


7\. Collaborate with business stakeholders, architects, data scientists, and cross\-functional teams.


8\. Optimize application performance, scalability, and security.


9\. Participate in code reviews, testing, deployment, and production support.


10\. Follow Agile/Scrum development methodologies.",,https://in.indeed.com/cmp/Pratham-Software,https://d2q79iu7y748jz.cloudfront.net/s/_squarelogo/256x256/6d401f5637b69b2506c8853a2be0cd22,http://www.thepsi.com,Saratoga,201 to 500,,,,,,,,
in-8bfddd509cde8085,indeed,https://in.indeed.com/viewjob?jk=8bfddd509cde8085,http://in.indeed.com/job/web-developer-8bfddd509cde8085,Web Developer,IronGate,"UP, IN",2026-06-19,fulltime,,,,,,False,,,,,"We are seeking talented, motivated, and detail\-oriented individuals to join our team as Web Developers. This role is ideal for someone who enjoys building modern websites and web applications, solving technical challenges, and collaborating with cross\-functional teams to deliver high\-quality digital solutions.

As a Web Developer, you will be responsible for designing, developing, testing, and maintaining websites and web applications. You will work closely with designers, project managers, and other developers to create responsive, user\-friendly, and scalable web solutions that meet business and customer needs.

Key Responsibilities

Web Development \& Programming

* Design, develop, and maintain responsive websites and web applications.
* Write clean, efficient, and well\-documented code following industry best practices.
* Develop front\-end user interfaces using modern web technologies.
* Build and maintain back\-end functionality, APIs, and database integrations as required.
* Optimize applications for speed, performance, scalability, and security.
* Troubleshoot, debug, and resolve technical issues and bugs.
* Ensure cross\-browser compatibility and mobile responsiveness.

Project Collaboration

* Work closely with designers, project managers, and stakeholders to understand project requirements.
* Participate in project planning, development, testing, and deployment activities.
* Collaborate with team members to deliver projects within established timelines.
* Provide technical recommendations and contribute ideas for improving products and processes.
* Communicate project progress, challenges, and solutions effectively.

Testing \& Quality Assurance

* Conduct testing and quality assurance to ensure websites function properly.
* Perform code reviews and maintain coding standards.
* Monitor website performance and implement improvements as needed.
* Ensure compliance with accessibility, security, and industry standards.
* Assist with website updates, enhancements, and maintenance tasks.

Learning \& Professional Development

* Stay current with emerging web technologies, frameworks, and development trends.
* Participate in training sessions, team meetings, and knowledge\-sharing activities.
* Continuously improve technical skills and development practices.
* Take ownership of assigned projects and contribute to team success.

What We're Looking For

* Strong knowledge of HTML, CSS, JavaScript, and modern web development principles.
* Experience with front\-end frameworks such as Angular, React, or Vue.js is preferred.
* Understanding of back\-end technologies such as Node.js, PHP, .NET, Java, or similar platforms.
* Familiarity with databases, APIs, and version control systems such as Git.
* Strong problem\-solving and analytical skills.
* Excellent communication and teamwork abilities.
* Attention to detail and commitment to delivering high\-quality work.
* Ability to manage multiple tasks and meet project deadlines.

Previous experience in web development, software development, or a related technical role is preferred. Relevant internships, personal projects, or portfolio work will also be considered. Training and mentorship may be provided for motivated candidates.

Schedule \& Pay

* Full\-time and part\-time opportunities available.
* Flexible scheduling options where applicable.
* Competitive salary based on experience and qualifications.
* Opportunities for performance\-based bonuses and incentives.
* Paid training and professional development opportunities.

What We Offer

* Career growth and advancement opportunities.
* Exposure to diverse web development projects and technologies.
* Collaborative and innovative work environment.
* Ongoing training and skill development.
* Employee recognition and performance\-based rewards.
* Opportunities to work with modern tools, frameworks, and cloud technologies.

Apply Today

If you are passionate about web development, enjoy solving technical challenges, and want to build innovative digital solutions, we encourage you to apply for the Web Developer position. Applications are reviewed regularly, and shortlisted candidates will be contacted regarding the next steps in the hiring process.

Pay: ₹40,000\.00 \- ₹50,000\.00 per month

Benefits:

* Commuter assistance
* Flexible schedule
* Health insurance
* Life insurance
* Provident Fund

Work Location: In person",,https://in.indeed.com/cmp/Irongate,,,,,,,,,,,,
in-8ba663aaed8fe8f8,indeed,https://in.indeed.com/viewjob?jk=8ba663aaed8fe8f8,http://in.indeed.com/job/frontend-intern-8ba663aaed8fe8f8,Frontend Intern,Web Track Technologies,"CH, IN",2026-06-19,"fulltime, internship",,,,,,True,,,,,"As a Frontend Intern, you will work closely with our development team to help design , build , and maintain websites and web applications using various platforms including WordPress, Shopify, React js . You will have the chance to learn about web technologies ,frameworks , and best pratices while contributing to meaningful projects that directly impact our products and services.

**Key Responsibilities :** 

* Assist in designing, coding, and web applications.
* Collaborate with senior developers and the design team to implement website features.
* Provide support for ongoing website improvements and updates.
* Help prepare technical documentation for projects and system.
* Stay up \-to \-date with the latest web development trends, tools, and best pratices.
* Debug and troubleshoot website issues across multiple platforms (WordPress, Shopify, React js , ).

**Qualifications:**

* Currently pursuing or recently graduated with a degree in Computer Science, Web Development, Information Technology, or a related field.
* Basic understanding of HTML, CSS, JavaScript, and other web development languages.
* Familiarity with front\-end frameworks (e.g., React, Angular, or Vue.js) is a plus.
* Good problem\- solving and analytical skills.
* Strong attention to detail and ability to troubleshoot issues.
* Excellent communication and teamwork skills.
* Self\-motivated, eager to learn, and proactive in taking on tasks.
* Ability to work in a fast\-paced environment and meet deadlines.

**Benefits**:

* Gain hands\-on experience working with experienced web developers.
* Opportunity to work on real\-world projects and contribute to company websites.
* Learning and mentorship opportunities in web development and design.
* Flexible work hours and remote work options.
* A chance to enhance your resume and develop a professional network.
* Potential for a full \- time offer upon successful completion of the internship.

Job Types: Full\-time, Internship

Benefits:

* Flexible schedule

Work Location: In person",,https://in.indeed.com/cmp/Web-Track-Technologies,,,,,,,,,,,,
in-cabfe53706c2b128,indeed,https://in.indeed.com/viewjob?jk=cabfe53706c2b128,http://in.indeed.com/job/python-full-stack-developer-cabfe53706c2b128,Python Full Stack Developer,Young Minds Technology Solutions Pvt Ltd,"AP, IN",2026-06-19,fulltime,,,,,,False,,,,,"**Job Title: Python Full Stack Developer(R\\\&D \& Innovation Projects)**

**Responsibilities:**

 Write efficient, reusable, and reliable Python code

 Design and implement robust, scalable, and secure applications

 Collaborate with cross\-functional teams to define, design, and ship new features

 Identify and fix bugs and performance bottlenecks

 Ensure the performance, quality, and responsiveness of applications

 Stay up\-to\-date with emerging technologies and best practices

 Contribute to code reviews and provide constructive feedback

**Requirements:**

 Bachelor's degree in Computer Science, Engineering, or a related field

 Proven experience as a Python developer, with at least 2 years of experience

 Strong understanding of Python, with proficiency in one or more Python frameworks

(such as Django, Flask, etc.)

 Experience with relational databases (e.g., PostgreSQL, MySQL) and NoSQL

databases (e.g., MongoDB)

 Familiarity with front\-end technologies (HTML, CSS, JavaScript) and web

development frameworks (e.g., React, Angular, Vue.js)

 Experience with version control systems (e.g., Git)

 Knowledge of software engineering best practices, including Agile methodologies

 Excellent communication and collaboration skills

 Ability to work independently and in a team environment

 Attention to detail and problem\-solving skills

Interested Candidates can share your Resume or Ping me:

**Contact.No:** 9390949210

Job Type: Full\-time

Pay: From ₹180,000\.00 per year

Location Type:

* In\-person

Work Location: In person",,https://in.indeed.com/cmp/Young-Minds-Technology-Solutions-Pvt-Ltd,,https://www.ymtsindia.com,Tirupati,51 to 200,,,,,,,,
in-93502033c4a98edb,indeed,https://in.indeed.com/viewjob?jk=93502033c4a98edb,http://in.indeed.com/job/java-full-stack-developer-93502033c4a98edb,Java Full Stack Developer,Young Minds Technology Solutions Pvt Ltd,"AP, IN",2026-06-19,fulltime,,,,,,False,,,,careers@ymtsindia.in,"**Job Title: Java Full Stack Developer (Education, R\&D \& Innovation Projects)**

**Job Overview**

We are seeking a skilled and enthusiastic **Java Full Stack Developer** to work on **Education\-based projects (B.Tech, M.Tech, PhD level)** along with **R\&D initiatives and real\-time application development**.

The ideal candidate will contribute to developing scalable web applications, supporting academic and research\-driven projects, conducting technical training sessions, delivering presentations, and participating in Technology Expos and innovation showcases. This role offers exposure to end\-to\-end development, real\-time applications, mentoring, and modern enterprise solutions.

**Key Responsibilities**

* Design, develop, and maintain **full\-stack web applications** using Java technologies.
* Work on **academic projects (B.Tech / M.Tech / PhD level)** and assist in development and mentoring.
* Contribute to **R\&D and innovation projects** for technology expos and product demonstrations.
* Develop **real\-time enterprise\-level applications**.
* Build robust backend services using **Java and Spring Boot**.
* Develop responsive user interfaces using modern frontend technologies.
* Create and consume **RESTful APIs** and integrate third\-party services.
* Optimize application performance, scalability, and security.
* Collaborate with developers, researchers, students, and stakeholders.
* Stay updated with emerging trends in the Java ecosystem and full\-stack development.
* Conduct technical presentations, project demonstrations, and knowledge\-sharing sessions for students, clients, and internal teams.
* Act as a trainer and mentor by delivering technical training programs, workshops, and hands\-on sessions related to Java Full Stack Development and emerging technologies.
* Guide students and junior developers in project implementation, coding standards, and best practices.
* Represent the organization during **technical events, seminars, innovation expos, and project reviews.**

Required Skills \& ExpertiseBackend Development (Java)

**Strong proficiency in:**

* Java (Core \& Advanced Java)
* Spring Boot, Spring MVC, Spring Security
* RESTful APIs and Microservices
* Hibernate / JPA

Frontend Development

**Experience with:**

* HTML5, CSS3, JavaScript
* Angular / React.js / Vue.js
* Responsive design and UI/UX principles

Database Management

**Hands\-on experience with:**

* MySQL, PostgreSQL, or Oracle

**Knowledge of:**

* Database design, queries, and performance tuning

Full Stack \& Integration

* End\-to\-end application development
* API Integration
* Authentication (JWT, OAuth)

Development \& Deployment

**Experience with:**

* Git, GitHub (Version Control)

**Knowledge of:**

* AWS, Azure, or other cloud platforms
* CI/CD pipelines and DevOps practices

**Soft Skills**

* Strong problem\-solving and analytical thinking
* Excellent presentation and public speaking skills
* Ability to conduct technical training sessions and workshops
* Strong communication and collaboration skills
* Ability to work independently and within teams
* Passion for innovation, research, and continuous learning

**Educational Qualifications**

**B.Tech / M.Tech / PhD** in:

* Computer Science
* Information Technology
* Or related fields

**Preferred Qualifications**

* Experience in academic or R\&D\-based projects
* Exposure to real\-time enterprise application development
* Participation in hackathons, innovation programs, or technology expos
* Experience in technical training, mentoring, or conducting workshops
* Knowledge of microservices architecture and cloud\-native applications

**How to Apply**

Interested candidates can send their resumes to:

careers@ymtsindia.in  
**Contact.No: 9390949210**

**Work Location:** In Person

Pay: From ₹180,000\.00 per year

Work Location: In person",,https://in.indeed.com/cmp/Young-Minds-Technology-Solutions-Pvt-Ltd,,https://www.ymtsindia.com,Tirupati,51 to 200,,,,,,,,
in-2188a3d4a64ecf5a,indeed,https://in.indeed.com/viewjob?jk=2188a3d4a64ecf5a,http://in.indeed.com/job/full-stack-developer-trainer-2188a3d4a64ecf5a,Full Stack Developer Trainer,Rightouch Edutech Pvt Ltd,"CH, IN",2026-06-19,fulltime,,,,,,False,,,,,"**Job Summary**  
A Full Stack Developer Trainer is responsible for teaching and mentoring students, trainees, or professionals in front\-end and back\-end web development technologies. The trainer designs course materials, conducts training sessions, provides hands\-on coding exercises, and helps learners develop practical full\-stack development skills.

Key Responsibilities

* Deliver training on full\-stack web development technologies.
* Teach front\-end technologies such as **HTML, CSS, JavaScript, React, Angular, or Vue.js**.
* Teach back\-end technologies such as **Node.js, Express.js, Java, Python, PHP, or .NET**.
* Train learners on database management systems like **MySQL, PostgreSQL, MongoDB**, and others.
* Create and update training materials, assignments, projects, and assessments.
* Conduct coding workshops, practical sessions, and project reviews.
* Evaluate student performance and provide constructive feedback.
* Guide learners in building real\-world applications and portfolio projects.
* Assist students with interview preparation and career guidance.
* Stay updated with industry trends and emerging technologies.

Required Skills

* Strong knowledge of front\-end and back\-end development.
* Experience with REST APIs and web services.
* Proficiency in databases and database design.
* Understanding of version control systems such as **Git**.
* Knowledge of cloud platforms and deployment processes is a plus.
* Excellent communication and presentation skills.
* Ability to simplify complex technical concepts for learners.

Qualifications

* Bachelor's degree in Computer Science, Information Technology, or a related field.
* Proven experience as a Full Stack Developer or Software Engineer.
* Prior teaching, mentoring, or training experience preferred.
* Relevant certifications in web development or training are advantageous.

Preferred Technologies

* HTML5, CSS3, JavaScript (ES6\+)
* React.js / Angular / Vue.js
* Node.js \& Express.js
* MongoDB / MySQL / PostgreSQL
* Git \& GitHub
* RESTful APIs
* Cloud platforms such as AWS, Microsoft Azure, or Google Cloud

Pay: ₹10,000\.06 \- ₹25,000\.74 per month

Work Location: In person",,https://in.indeed.com/cmp/Rightouch-Edutech-Pvt-Ltd,,,,,,,,,,,,
in-3f954feec3dff5b4,indeed,https://in.indeed.com/viewjob?jk=3f954feec3dff5b4,http://in.indeed.com/job/vue-js-3f954feec3dff5b4,Vue. JS,UIDM,"Remote, IN",2026-06-19,fulltime,,,,,,True,,,,,"We're Hiring: Vue.js Developer

(4\+ Years Experience)

Are you passionate about building modern, scalable, and high\-performance web applications?

We are looking for a talented Vue.js Developer with 4\+ years of experience to join our growing team!

Position: Vue.js Developer  
Experience: 4\+ Years

Key Skills:  
Strong experience with Vue.js (Vue 2 \& Vue 3\)  
Expertise in JavaScript, TypeScript, HTML5, CSS3  
Experience with Vuex/Pinia and Vue Router  
REST API integration and state management  
Git version control and Agile methodologies  
Understanding of responsive UI/UX principles

What We're Looking For:  
Problem\-solving mindset  
Strong communication skills

Ability to work independently and collaboratively  
Passion for writing clean and maintainable code

Pay: ₹50,000\.00 \- ₹70,000\.00 per month

Work Location: Remote",,https://in.indeed.com/cmp/Uidm,,,,,,,,,,,,
in-160cd5b389cf1b11,indeed,https://in.indeed.com/viewjob?jk=160cd5b389cf1b11,http://in.indeed.com/job/python-full-stack-developer-vuejs-160cd5b389cf1b11,Python Full Stack Developer( Vue.js),,"KA, IN",2026-06-19,"parttime, fulltime",,,,,,False,,,,,"Working Hours: 11:00 AM – 8:00 PM IST ( Work from Office)

About the Role

We are hiring Python Full Stack Developers to work as part of our offshore development team supporting a US\-based client in the financial services domain.

The ideal candidate should have strong hands\-on experience in Python backend development along with Vue.js or React frontend development. Candidates must possess excellent communication skills, strong analytical thinking, and prior exposure to US financial domain projects.

This is a long\-term opportunity for professionals who enjoy working in a collaborative environment and delivering high\-quality solutions for global clients.

Mandatory Requirements

* 3–7 years of software development experience.
* Strong experience in Python development.
* Strong experience in Vue.js or React.js.
* Experience building full\-stack web applications.
* Excellent communication and stakeholder interaction skills.
* Self\-motivated and able to work independently.
* Strong conceptual and problem\-solving abilities.
* Prior experience in US Financial Services domain is mandatory.

Financial Domain Experience (Mandatory)

Candidates must have worked in at least one of the following areas:

* Banking
* Capital Markets
* Trading Platforms
* Investment Management
* Portfolio Management
* Wealth Management
* Retirement Funds
* Asset Management
* Financial Services Applications

Key Responsibilities

* Design, develop, and maintain scalable web applications.
* Build robust backend services using Python.
* Develop responsive frontend applications using Vue.js or React.js.
* Collaborate with offshore and client\-side teams.
* Participate in architecture discussions and technical design.
* Write clean, maintainable, and testable code.
* Troubleshoot production issues and optimize application performance.
* Follow Agile development methodologies and best practices.

Technical Skills RequiredBackend

* Python
* REST APIs
* Microservices
* Object\-Oriented Programming

Frontend

* Vue.js (Preferred)
* OR
* React.jsDatabase
* SQL Databases
* Database Design and Optimization

Version Control

* Git
* Pull Requests
* Code Reviews

Additional Preferred Skills

* Cloud Platforms (AWS/Azure)
* CI/CD Pipelines
* Docker
* Agile/Scrum

Candidate Profile

* Strong verbal and written communication skills.
* Ability to work directly with US\-based stakeholders.
* High ownership and accountability.
* Quick learner with a positive attitude.
* Team player with strong collaboration skills.

Pay: ₹1,200,000\.00 \- ₹1,800,000\.00 per year

Benefits:

* Flexible schedule
* Health insurance
* Paid sick time
* Paid time off

Ability to commute/relocate:

* Sarjapura, Bengaluru, Karnataka: Reliably commute or planning to relocate before starting work (Required)

Experience:

* Python: 3 years (Required)
* Vue.js: 2 years (Preferred)
* finance or banking domain: 2 years (Required)

Work Location: In person",,https://in.indeed.comNone,,,,,,,,,,,,
in-5c3e67c37a3f9533,indeed,https://in.indeed.com/viewjob?jk=5c3e67c37a3f9533,http://in.indeed.com/job/vue-developer-5c3e67c37a3f9533,Vue Developer,Farenexus Solutions pvt. ltd. Mohali,"PB, IN",2026-06-19,fulltime,,,,,,True,,,,,"We are looking for a **Frontend Developer with Vue.js** to join our team in our Mohali office.

**Farenexus Group** empowers companies with corporate booking solutions, contract management, process automation, customer/vendor management and data\-driven insights to transform into more efficient operations. We continue to reduce operational costs with our innovative digital products and services. Our strategy is designed to create value products by leveraging the company’s many strengths. These include its global leadership in the field of Aviation, Information Technology and Data Analytics, a highly productive development capability and a distinctive company culture that focuses on delivering innovative products that improve the end\-user's business.

**Requirement**

· 3\+ years of experience in Vue.js with Vue2 \& Vue3 with JavaScript as well as TypeScript.

· Good knowledge of the Vue.js framework and related components such as Vuex and Vue Router

· Knowledge about option as well as composition API.

· Experience in working with Vuex and Pinia.

· Experience with standard tools and services in JavaScript front\-end development and software development, such as Git (GitHub/GitLab/Bitbucket/Aws), NPM, Next Framework (v2 and v3\)

· The ability to work as part of a team, taking ownership of individual components and following coding guidelines to create performant components that fit into more comprehensive projects.

· Experience with integrating and maintaining external software libraries and APIs.

**Roles and Responsibilities**

* Develop and maintain user\-facing features using Next.js and Vue.js.
* Ensure the technical feasibility of UI/UX designs and implement them into a fully functional web application.
* Implement efficient and scalable state management using Vuex to handle the application's data flow and state.
* Integrate with backend services and RESTful APIs to fetch and update data in the application.
* Create responsive and cross\-browser compatible web applications to ensure a seamless user experience across different devices and platforms.
* Identify and fix performance bottlenecks, ensuring the applications are optimized for speed and responsiveness.
* Collaborate with cross\-functional teams, including designers and backend developers, to deliver high\-quality software solutions.
* Participate in code reviews to maintain code quality and ensure that best practices are followed.

Job Types: Full\-time, Permanent, Graduate

Pay: ₹400,000\.00 \- ₹700,000\.00 per year

Benefits:

* Work from home",,https://in.indeed.com/cmp/Farenexus-Solutions-Pvt.-Ltd.-Mohali,,,,,,,,,,,,
in-2f5e5aaebb250cf7,indeed,https://in.indeed.com/viewjob?jk=2f5e5aaebb250cf7,http://in.indeed.com/job/php-web-developer-2f5e5aaebb250cf7,PHP Web Developer,INNVISTA TECHNOLOGIES,"TN, IN",2026-06-19,fulltime,,,,,,False,,,,"hr@yourcompany.com, hr@yourcompany.com","PHP Laravel Developer (0–1 Year Experience)

Job Title

Junior PHP Laravel Developer

Location

Salem, Tamil Nadu (On\-site)

Experience

0 – 1 Year

Employment Type

Full\-Time

Job Summary

We are looking for a motivated and enthusiastic PHP Laravel Developer to join our development team. The ideal candidate should have a basic understanding of PHP, Laravel Framework, MySQL, and web development concepts. Freshers with strong project experience and a passion for coding are encouraged to apply.

Roles \& Responsibilities

Develop and maintain web applications using PHP and Laravel Framework.

Write clean, efficient, and reusable code.

Design and manage MySQL databases.

Develop RESTful APIs and integrate third\-party APIs.

Troubleshoot, debug, and optimize application performance.

Collaborate with UI/UX designers and frontend developers.

Participate in code reviews and testing activities.

Maintain project documentation and technical specifications.

Learn and adapt to new technologies and development practices.

Required Skills

Technical Skills

Good knowledge of PHP programming.

Basic understanding of Laravel Framework.

Knowledge of MySQL database.

Understanding of HTML5, CSS3, JavaScript, and Bootstrap.

Familiarity with REST APIs.

Knowledge of Git/GitHub version control.

Understanding of MVC architecture.

Basic knowledge of AJAX and JSON.

Preferred Skills

Knowledge of React.js or Vue.js.

Experience with Laravel API development.

Understanding of authentication and authorization concepts.

Familiarity with Linux hosting environments.

Educational Qualification

B.E / B.Tech (CSE, IT, ECE)

B.Sc Computer Science / IT

BCA / MCA

Any relevant degree in Computer Science

What We Offer

Opportunity to work on real\-time projects.

Career growth and learning opportunities.

Supportive and collaborative work environment.

Exposure to modern web technologies.

Performance\-based salary increments.

How to Apply

Send your resume to hr@yourcompany.com with the subject:

""Application for PHP Laravel Developer – Fresher/Junior""

Short Job Portal Version

Hiring: PHP Laravel Developer (0–1 Year Experience)

We are looking for a Junior PHP Laravel Developer to join our team.

Skills Required:

PHP

Laravel

MySQL

HTML, CSS, JavaScript

REST API

Git

Experience: 0–1 Year (Freshers can apply)

Location: Salem

Employment Type: Full\-Time

Interested candidates can send their resume to hr@yourcompany.com

Pay: ₹100,000\.00 \- ₹200,000\.00 per year

Work Location: In person",,https://in.indeed.com/cmp/Innvista-Technologies,,,,,,,,,,,,
in-c3a70f65331c273c,indeed,https://in.indeed.com/viewjob?jk=c3a70f65331c273c,http://in.indeed.com/job/web-developer-c3a70f65331c273c,Web Developer,Adamas lux,"UP, IN",2026-06-19,fulltime,,,,,,True,,,,,"**Location:** Lucknow, Uttar Pradesh  
**Job Type:** Full\-Time  
**Work Mode:** Office\-Based

Build the Future of Digital Experiences

We are looking for a talented and driven Web Developer to join our growing team in Lucknow. If you're passionate about creating high\-performance websites, developing innovative web applications, and working with modern technologies, this is an exciting opportunity to advance your career in a collaborative and fast\-paced environment.

As a Web Developer, you will work closely with designers, project managers, and fellow developers to build scalable, user\-friendly, and responsive digital solutions that deliver exceptional user experiences.

Key Responsibilities

* Develop, test, and maintain responsive websites and web applications.
* Write clean, efficient, and well\-documented code following industry best practices.
* Collaborate with UI/UX designers to translate designs into functional web experiences.
* Optimize websites for speed, scalability, security, and performance.
* Troubleshoot, debug, and resolve technical issues across multiple platforms.
* Integrate third\-party APIs, databases, and web services.
* Ensure cross\-browser compatibility and mobile responsiveness.
* Participate in code reviews and contribute to continuous improvement initiatives.
* Stay current with emerging web technologies, frameworks, and development trends.

Required Skills \& Qualifications

* Bachelor's degree in Computer Science, Information Technology, or a related field (preferred).
* Proven experience in web development or a strong portfolio of completed projects.
* Proficiency in HTML5, CSS3, JavaScript, and modern front\-end frameworks.
* Experience with React.js, Angular, or Vue.js is highly desirable.
* Knowledge of back\-end technologies such as Node.js, PHP, Python, or similar.
* Familiarity with MySQL, PostgreSQL, MongoDB, or other database systems.
* Understanding of RESTful APIs, Git version control, and Agile development methodologies.
* Strong problem\-solving skills and attention to detail.
* Excellent communication and teamwork abilities.

Preferred Qualifications

* Experience with cloud platforms such as AWS, Azure, or Google Cloud.
* Knowledge of website security, SEO best practices, and performance optimization.
* Familiarity with DevOps practices, CI/CD pipelines, and containerization technologies.

What We Offer

* Competitive salary package.
* Professional growth and career advancement opportunities.
* Exposure to modern technologies and challenging projects.
* Collaborative and supportive work environment.
* Ongoing learning and skill development opportunities.
* Stable, office\-based role with a dynamic team culture.

Why Join Us?

This role offers the opportunity to work on impactful projects, expand your technical expertise, and contribute to innovative digital solutions in a company that values creativity, collaboration, and continuous improvement.

Equal Opportunity Employer

We are committed to fostering an inclusive workplace and welcome applications from qualified candidates regardless of background, experience, or identity.

Apply today and take the next step in your web development career.

Pay: ₹25,000\.00 \- ₹26,000\.00 per month

Benefits:

* Cell phone reimbursement
* Flexible schedule
* Health insurance
* Life insurance
* Paid sick time
* Provident Fund
* Work from home

Work Location: In person",,https://in.indeed.com/cmp/Adamas-Lux,,,,,,,,,,,,
in-9f90ee8161ae6e59,indeed,https://in.indeed.com/viewjob?jk=9f90ee8161ae6e59,http://in.indeed.com/job/full-stack-engineer-9f90ee8161ae6e59,Full Stack Engineer,Programming.com,"MH, IN",2026-06-19,fulltime,,,,,,False,,,,"ajay.pillai@programming.com, ajay.pillai@programming.com","Job Overview

* **Job Title:** Full Stack Engineer
* **Function:** Engineering – AI \& Data
* **Business Unit:** REIL (Reliance Enterprise Intelligence Ltd)
* **Location:** Mumbai, India
* **Experience:** 4–6 Years
* **Employment Type:** Full\-Time
* **How to Apply:** Send your resume directly to **ajay.pillai@programming.com**

About REIL

**Reliance Enterprise Intelligence Ltd (REIL)** is a strategic joint venture between Reliance Industries and Meta. We combine Reliance’s unparalleled market scale and deep enterprise domain knowledge with Meta’s world\-class AI and technology capabilities.

About the Programme

REIL is developing a cutting\-edge enterprise AI platform focused on **financial compliance and intelligence**.

Role Overview

We are looking for a **Full Stack Engineer** to completely own both the application layer and the user\-facing interfaces of the platform. You will build the robust backend services that power core workflows—such as case management, exception handling, and feedback loops—as well as the intuitive interfaces through which compliance and assurance teams interact with the system.

You are highly comfortable owning both layers fluidly and moving seamlessly between backend systems and modern frontend architectures.

Key Responsibilities1\. Application Backend

* Design and build the core application services powering the platform, including exception case management, workflow state tracking, audit logging, and user action recording.
* Build the critical feedback mechanisms that capture validator decisions and overrides, routing them back to the AI layer for continuous model improvement.
* Own the data models for all application\-layer entities, exception cases, workflow states, and historical decision trails.
* Build and maintain scalable API endpoints consumed by the frontend, ensuring clear contracts, strict versioning, and graceful error handling.
* Implement robust Role\-Based Access Control (RBAC) across the application to handle varied permissions across compliance teams.
* Build real\-time notification and alerting services to surface deadline\-sensitive items and pending exceptions to the right users instantly.
* Ensure all application services maintain an uncompromised, ironclad audit trail to meet strict regulatory and compliance standards.

2\. Frontend \& User Interfaces

* Build highly functional workflow interfaces used by operations and compliance teams, such as exception queues, validation screens, interactive dashboards, and status views.
* Intuitively surface complex AI outputs—including model confidence scores, historical context, and recommendations—making them easily actionable for non\-technical users.
* Conduct interactive working sessions with compliance teams to validate usability, gather feedback, and iterate before production deployment.
* Maintain a highly consistent, responsive, and functional UI component architecture across all modules of the platform.

3\. Quality \& Production Readiness

* Write comprehensive unit and integration tests covering both frontend and backend components.
* Ensure the application layer is production\-ready, highly observable, monitored, and stable under expected enterprise loads.

Qualifications \& SkillsEducation

* **B.E. / B.Tech / M.Tech** in Computer Science, Information Technology, or a related technical field.

Required Experience

* **4\+ years** of professional full stack engineering experience with proven ownership of both frontend and backend layers in production environments.
* Solid experience building internal enterprise workflow tools, case management systems, or operational dashboards.
* Highly comfortable being the sole owner of a feature full\-stack, working effectively without needing dedicated frontend or backend counterparts.

Technical Skill Set

* **Frontend:** Strong expertise in **React** or **Vue.js**.
* **Backend:** Strong expertise in **Python** or **Node.js** for API and microservice development.
* **Databases:** Deep understanding of **PostgreSQL** or equivalent relational databases; basic familiarity with NoSQL.
* **API Design:** Clean RESTful API design and consumption; experience building against strictly defined API contracts.
* **Testing:** Proficiency with unit and integration testing frameworks for both frontend and backend stacks.
* **Containerization \& Tools:** Docker; basic Kubernetes familiarity; Git\-based workflows and rigorous code review practices.

Preferred Qualifications

* Prior experience building user\-facing applications that consume, visualize, or display ML/AI model outputs.
* Background in compliance, fintech, operations, or enterprise workflow management tools.
* Familiarity with data visualization libraries for building rich analytics dashboards and exception reports.
* Exposure to UI/UX accessibility and usability best practices for internal corporate tooling.

Core Competencies

* **Technical:** Full Stack Application Development \| Backend Services \& API Design \| Frontend \& UI Development \| Workflow \& Case Management Systems \| Testing \& Production Readiness
* **Behavioral:** Ownership \& End\-to\-End Thinking \| Attention to Detail \| Cross\-Functional Collaboration \| Pragmatism Under Constraints \| User Empathy

To Apply

Interested candidates who meet the above criteria are invited to submit their updated resume to **ajay.pillai@programming.com** with the subject line *""Application for Full Stack Engineer \- RE*

Pay: ₹379,053\.42 \- ₹1,800,000\.00 per year

Benefits:

* Health insurance
* Paid sick time
* Provident Fund

Work Location: In person",,https://in.indeed.com/cmp/Programming.com,,,,,,,,,,,,
in-4eda0ea481533418,indeed,https://in.indeed.com/viewjob?jk=4eda0ea481533418,http://in.indeed.com/job/full-stack-developer-4eda0ea481533418,Full Stack Developer,Adra Product Studio,"TN, IN",2026-06-19,fulltime,,,,,,False,,,,,"We are looking for a Full Stack Developer with strong technical knowledge and hands\-on project experience. The ideal candidate should be capable of developing scalable web applications using modern front\-end and back\-end technologies.

Key Responsibilities

\* Develop and maintain responsive web applications.  
\* Build robust back\-end services and APIs.  
\* Design, develop, and integrate RESTful APIs.  
\* Design and manage databases efficiently.  
\* Write clean, maintainable, and optimized code.  
\* Troubleshoot, debug, and improve application performance.  
\* Collaborate with cross\-functional teams to deliver high\-quality software solutions.  
\* Participate in code reviews and follow development best practices.

Required Skills

\* Strong understanding of programming fundamentals and software development concepts.  
\* Experience with at least one backend technology such as Node.js, Python (Django/Flask/FastAPI), Java (Spring Boot), PHP (Laravel), or similar frameworks.  
\* Experience with modern frontend technologies such as React.js, Angular, Vue.js, or equivalent.  
\* Strong knowledge of HTML5, CSS3, JavaScript, and responsive design principles.  
\* Experience with REST APIs, authentication, and authorization mechanisms.  
\* Knowledge of relational and/or NoSQL databases such as MySQL, PostgreSQL, MongoDB, or equivalent.  
\* Familiarity with Git and version control systems.  
\* Basic understanding of deployment, hosting, and cloud platforms.  
\* Strong problem\-solving and debugging skills.

Preferred Qualifications

\* Bachelor's degree in any field.  
\* Academic, personal, freelance, or internship projects demonstrating full\-stack development skills.  
\* Understanding of software development lifecycle and agile methodologies.  
\* Ability to work independently and learn new technologies quickly.

Nice to Have

\* Experience with cloud platforms such as AWS, Azure, or Google Cloud.  
\* Knowledge of Docker, CI/CD pipelines, and DevOps practices.  
\* Exposure to AI/ML integrations, microservices, or scalable system design.

Pay: ₹15,000\.00 \- ₹18,000\.00 per month

Education:

* Bachelor's (Required)

Work Location: In person",,https://in.indeed.com/cmp/Adra-Product-Studio,,,,,,,,,,,,
in-ba640ca46ff4ef4d,indeed,https://in.indeed.com/viewjob?jk=ba640ca46ff4ef4d,https://uhg.taleo.net/careersection/10780/jobdetail.ftl?job=2369868&lang=en,"Full Stack Engineer - React, Angular, Python or Java",Optum,"TS, IN",2026-06-18,fulltime,,,,,,False,,,,,"Optum is a global organization that delivers care, aided by technology to help millions of people live healthier lives. The work you do with our team will directly improve health outcomes by connecting people with the care, pharmacy benefits, data and resources they need to feel their best. Here, you will find a culture guided by inclusion, talented peers, comprehensive benefits and career development opportunities. Come make an impact on the communities we serve as you help us advance health optimization on a global scale. Join us to start **Caring. Connecting. Growing together.**

 **Primary Responsibilities:**

* Develop and maintain end\-to\-end web applications across frontend and backend layers
* Build responsive and intuitive user interfaces using modern frontend frameworks (React/Angular/Vue.js)
* Develop backend services, APIs, and microservices using Node.js, Java, or Python
* Work with healthcare data systems such as EHR/EMR, claims, and clinical data platforms
* Design and manage databases (SQL/NoSQL) to support application functionality and data integrity
* Collaborate with product, data, and clinical teams to translate healthcare business requirements into technical solutions
* Ensure applications adhere to healthcare compliance and data privacy standards (e.g., HIPAA)
* Participate in testing, debugging, performance optimization, and code reviews
* Support deployment, monitoring, and troubleshooting in cloud environments (Azure/AWS/GCP)
* Comply with the terms and conditions of the employment contract, company policies and procedures, and any and all directives (such as, but not limited to, transfer and/or re\-assignment to different work locations, change in teams and/or work shifts, policies in regards to flexibility of work benefits and/or work environment, alternative work arrangements, and other decisions that may arise due to the changing business environment). The Company may adopt, vary or rescind these policies and directives in its absolute discretion and without any limitation (implied or otherwise) on its ability to do so

**Required Qualifications:**

* Bachelor's or master's degree in computer science, Engineering, or a related field
* 2\+ years of experience in full stack development or software engineering roles
* Experience in backend development using Node.js, Java, or Python
* Experience with databases such as MySQL, PostgreSQL, or MongoDB
* Solid understanding of RESTful APIs, microservices architecture, and web services
* Familiarity with Git and version control practices
* Exposure to cloud platforms (Azure, AWS, or GCP) and basic CI/CD concepts
* Proficiency in HTML, CSS, JavaScript, and at least one frontend framework (React/Angular/Vue)

 *At UnitedHealth Group, our mission is to help people live healthier lives and make the health system work better for everyone. We believe everyone\-of every race, gender, sexuality, age, location and income\-deserves the opportunity to live their healthiest life. Today, however, there are still far too many barriers to good health which are disproportionately experienced by people of color, historically marginalized groups and those with lower incomes. We are committed to mitigating our impact on the environment and enabling and delivering equitable care that addresses health disparities and improves health outcomes \- an enterprise priority reflected in our mission.*",,https://in.indeed.com/cmp/Optum,https://d2q79iu7y748jz.cloudfront.net/s/_squarelogo/256x256/fda00a1dbb2aaebea6d386695d0294c2,https://www.optum.com,"Eden Prairie, MN","10,000+",more than $10B (USD),,,,,,,
in-cc33e006b36da928,indeed,https://in.indeed.com/viewjob?jk=cc33e006b36da928,http://in.indeed.com/job/web-developer-cc33e006b36da928,Web Developer,Web Conquerors LLC,"UP, IN",2026-06-18,fulltime,,,,,,False,,,,hrwebconquerorsllc@gmail.com,"**Date posted:** 9 April 2026

**Pay:** ₹30,000\.00 \- ₹70,000\.00 per month

Web Developer (2–5 Years)

**Location:** Web Conquerors LLC (A\-57, Sector 57, Noida, U.P., India, 201301\)  
**Employment Type:** Full\-time  
**Shift Time:** Night Shift

About the Role

We are looking for a skilled Web Developer with 2–5 years of experience in designing, developing, maintaining, and optimizing websites and web applications. The ideal candidate should have experience working with front\-end and back\-end technologies, CMS platforms, databases, APIs, and modern development frameworks. You will be responsible for building high\-performance websites and applications for clients across various industries.

Key Responsibilities

* Develop, customize, and maintain websites and web applications
* Build responsive, mobile\-friendly, and user\-focused websites
* Convert design files into functional web pages
* Develop custom features and functionalities based on project requirements
* Integrate third\-party APIs, payment gateways, and external services
* Optimize websites for speed, performance, security, and scalability
* Troubleshoot, debug, and resolve website and application issues
* Manage website migrations, hosting environments, and deployments
* Implement technical SEO best practices and Core Web Vitals improvements
* Collaborate with designers, SEO specialists, content teams, and project managers
* Ensure cross\-browser compatibility and responsive design standards
* Maintain website security, backups, updates, and documentation

Required Skills \& Experience

* 2–5 years of experience in web development
* Strong proficiency in HTML5, CSS3, JavaScript, PHP, and MySQL
* Experience with WordPress development, custom themes, and plugin customization
* Knowledge of modern JavaScript frameworks such as React.js, Next.js, Vue.js, and Angular
* Experience with backend technologies including Node.js, Express.js, Laravel, and CodeIgniter
* Familiarity with Python, Django, Flask, or similar backend frameworks
* Experience working with REST APIs, GraphQL APIs, and third\-party integrations
* Knowledge of Bootstrap, Tailwind CSS, jQuery, and responsive design principles
* Experience with WooCommerce, Shopify, and other CMS platforms
* Understanding of website security, optimization, and performance improvements
* Experience with Git, GitHub, GitLab, and version control workflows
* Knowledge of hosting environments including cPanel, Plesk, VPS, AWS, DigitalOcean, and Cloudflare
* Familiarity with database management using MySQL, PostgreSQL, and MongoDB
* Understanding of technical SEO and Core Web Vitals
* Strong debugging, troubleshooting, and problem\-solving skills
* Ability to work independently and manage multiple projects simultaneously

Preferred Technologies

HTML5 • CSS3 • JavaScript • TypeScript • PHP • MySQL • React.js • Next.js • Vue.js • Angular • Node.js • Express.js • Laravel • CodeIgniter • Python • Django • Flask • MongoDB • PostgreSQL • WordPress • WooCommerce • Shopify • Git • GitHub • AWS • Cloudflare • REST API • GraphQL • Bootstrap • Tailwind CSS

Bonus Skills (Not Mandatory)

* Experience building SaaS applications
* Knowledge of AI integrations and automation tools
* Experience with Docker and CI/CD pipelines
* Understanding of server administration and Linux environments
* Experience with headless CMS architecture
* Prior agency experience working with international clients

What We Offer

* Fixed salary based on experience and technical expertise
* Performance\-based incentives
* Opportunities to work on international projects
* Career growth and leadership opportunities
* Exposure to modern technologies and frameworks
* Supportive and collaborative team environment

How to Apply

Send your updated resume to **hrwebconquerorsllc@gmail.com** with the subject line:

**""Application – Web Developer""**

for quicker response!

**Job Types:** Full\-time, Permanent

**Work Location:** In person

Pay: ₹30,000\.00 \- ₹70,000\.00 per month

Benefits:

* Flexible schedule
* Paid sick time

Work Location: In person",,https://in.indeed.com/cmp/Web-Conquerors-LLC,,,,,,,,,,,,
in-a10059a372091790,indeed,https://in.indeed.com/viewjob?jk=a10059a372091790,http://in.indeed.com/job/web-developer-a10059a372091790,Web Developer,,"TN, IN",2026-06-18,fulltime,,,,,,False,,,,,"Job Description We are looking for a skilled Web Developer to join our team. You will be responsible for building and maintaining websites, ensuring high performance and responsiveness, and collaborating with designers to implement visual elements. Key Responsibilities \- Develop, test, and maintain responsive websites and web applications \- Write clean, scalable, and well\-documented code using HTML, CSS, JavaScript, python,django, \- Work with frameworks like React, Angular, or http://Vue.js \- Integrate APIs and manage databases like MySQL or MongoDB \- Ensure cross\-browser compatibility and optimize for speed and SEO \- Troubleshoot, debug, and upgrade existing websites \- Collaborate with graphic designers, UI/UX teams, and backend developers \- Stay updated with emerging technologies and industry trends Requirements \& Skills \- Bachelor’s degree in Computer Science, IT, or related field \- 1\-3 years experience in web development \- Proficiency in HTML5, CSS3, JavaScript, and at least one modern JS framework \- Experience with PHP, WordPress, or other CMS is a plus \- Knowledge of responsive design and mobile\-first approach \- Familiarity with version control tools like Git \- Strong problem\-solving skills and attention to detail \- Good communication and teamwork abilities What We Offer \- Competitive salary based on experience \- Opportunity to work on diverse client projects \- Creative work environment \- Growth and learning opportunities

Job Types: Full\-time, Permanent, Fresher

Pay: ₹9,500\.00 \- ₹15,000\.00 per month

Benefits:

* Flexible schedule
* Internet reimbursement
* Leave encashment
* Life insurance

Work Location: In person",,https://in.indeed.comNone,,,,,,,,,,,,
in-4607c4750af2a349,indeed,https://in.indeed.com/viewjob?jk=4607c4750af2a349,https://chloe.wd3.myworkdayjobs.com/en-US/OpellaCareers/job/Hyderabad/Full-Stack-Developer_R2856665,Full Stack Developer,Opella.,"TS, IN",2026-06-18,fulltime,,,,,,False,,,,,"**Job title** : *Full Stack Developer*

* **Location** : Hyderabad

Opella is the self\-care challenger with the purest and **third\-largest portfolio in the Over\-The\-Counter (OTC) \& Vitamins, Minerals \& Supplements (VMS) market globally** .


Our mission is to bring health in people’s hands by **making self\-care as simple as it should be** . For half a billion consumers worldwide – and counting.


At the core of this mission is our **100 loved brands** , our **11,000\-strong global team, our 13 best\-in\-class manufacturing sites** and 4 specialized science and innovation development centers. Headquartered in France, Opella is the proud maker of many of the world’s most loved brands, including Allegra, Buscopan, Doliprane, Dulcolax, Enterogermina, Essentiale and Mucosolvan.


**B Corp certified in multiple markets** , we are active players in the journey towards healthier people and planet. Find out more about our mission at www.opella.com .  



***About the job*** **:**

**Our Team:**

Our team is engaged in designing and delivering Digital Tech nology Services and Platforms for all CHC worldwide . We deliver our solutions in a highly competitive market answering FMCH needs and sometimes supporting highly regulated environments ( GxP , SoX and other regional and local regulations).


Our team operates in an international context, serving all markets in most of the countries around the world.


T his position will **d** **evelop** **software engineering solutions** **\& services that will be** **significant** **business enablers for CHC Business** , either by levering existing technologies or bringing new enabling technologies, optimizing costs, and simplifying these products \& services .  



**Main responsibilities:**

* Develop and maintain the backend services with Node.js (Nest.js framework ) and React apps
* Work with Azure cloud services and Terraform/ Terragrunt to deploy infrastructure
* Collaborate with software and solution architects to design and implement best\-in\-class software solutions
* Suggest new innovative patterns to improve the software development process
* Write clean, reusable, and scalable code and tests using TypeScript/JavaScript
* Perform code reviews and ensure code quality and adherence to coding and architectural standards
* Troubleshoot and debug software issues
* Continuously learn and keep up to date with the latest technologies and industry trends
***About you***

**Experience** :


W e are seeking an experienced 8\+ yrs Full Stack Developer with a strong background in TypeScript and JavaScript, capable of developing and maintaining both backend (Node.js with Nest.js framework) and frontend ( React, Vue.js or other modern SPA frameworks) components. The ideal candidate should have expertise in database management, API design (REST and GraphQL ), and deployment using AWS cloud services and infrastructure\-as\-code tools like Terraform/ Terragrunt .  



**Soft** **skills** :


* Being able to analyse problems, think critically, and develop creative solutions is crucial.
* Strong communication skills ensuring that various stakeholders can digest technical information.
**Technical skills** :


* Should be adept at writing clean, efficient, and maintainable code using TypeScript and JavaScript to develop both backend and frontend components.
* It is crucial to have a solid understanding of development concepts, such as working with databases, designing, and implementing APIs (including REST and GraphQL ), and handling server\-side logic.
* Ideal candidate should have practical experience working with AWS services, such as EC2, S3, Lambda, and DynamoDB, to deploy and manage cloud\-based applications. Additionally, proficiency in infrastructure\-as\-code tools, is important for efficiently provisioning and managing infrastructure resources in an automated and scalable manner.
**Required Leadership Competencies**

* Strategic Thinking \- ability to evaluate relevant areas of operation, formulate objectives and set priorities in a contextually relevant way, and develop plans consistent with long\-term organizational interests.
* Good communication skills and ability to work in a team environment.
* Judgement \- The ability to draw logical conclusions based on acquired information and analytical rigor in problem\-solving, the ability to make effective decisions even when information is ambiguous or incomplete.
* Drive \- Takes the lead and initiates activities with a high degree of passion and commitment as well as the drive, desire and need to achieve challenging goals, to improve performance or to meet personal standards of excellence.
* Being pragmatic and not “technology for technology” oriented
* Ideal candidates possess a growth mindset, embracing change and demonstrating a willingness to learn and adapt.
**Education** :


* While not mandatory, relevant educational background or certifications related to software development would be a plus.
**Languages** :


* Fluency in written and spoken English.
**Why us?**

At Opella, you will enjoy doing challenging, purposeful work, empowered to develop consumer brands with passion and creativity. This is your chance to grow new skills and be part of a bold, collaborative, and inclusive culture where people can thrive and be at their best every day.


**We Are Challengers.**

We are dedicated to making self\-care as simple as it should be. That starts with our culture. We are challengers by nature, and this is how we do things:


**All In Together:** We keep each other honest and have each other's backs.


**Courageous:** We break boundaries and take thoughtful risks with creativity.


**Outcome\-Obsessed:** We are personally accountable, driving sustainable impact and results with integrity.


**Radically Simple:** We strive to make things simple for us and simple for consumers, as it should be.


Join us on our mission. Health. In your hands.


www.opella.com/en/careers",,https://in.indeed.com/cmp/Opella.-1,,,,,,,,,,,,
in-4172b3b5cd01742c,indeed,https://in.indeed.com/viewjob?jk=4172b3b5cd01742c,http://in.indeed.com/job/web-developer-4172b3b5cd01742c,Web Developer,,"UP, IN",2026-06-18,"parttime, fulltime",,,,,,True,,,,,"**Job Description:**  
We are looking for a skilled Web Developer to design, develop, and maintain websites and web applications. The candidate should have knowledge of HTML, CSS, JavaScript, and modern web development frameworks. Responsibilities include creating responsive websites, fixing bugs, optimizing performance, and collaborating with designers and other team members to deliver high\-quality web solutions.

**Responsibilities:**

* Develop and maintain websites and web applications.
* Write clean, efficient, and well\-documented code.
* Ensure websites are responsive and user\-friendly.
* Test and debug applications.
* Optimize website performance and security.
* Collaborate with clients and team members to understand requirements.

**Required Skills:**

* HTML, CSS, JavaScript
* Knowledge of React, Angular, or Vue.js (preferred)
* Basic understanding of backend technologies (PHP, Node.js, Python, etc.)
* Database knowledge (MySQL, MongoDB, etc.)
* Problem\-solving and communication skills

**Experience:**

* Fresher or experienced candidates can apply (depending on requirement).

**Employment Type:**

* Full\-time / Part\-time / Internship

Pay: ₹10,093\.63 \- ₹45,712\.21 per month

Benefits:

* Flexible schedule
* Paid sick time
* Provident Fund

Work Location: Hybrid remote in Noida, Uttar Pradesh (Noida)",,https://in.indeed.comNone,,,,,,,,,,,,
in-df386438633e12d5,indeed,https://in.indeed.com/viewjob?jk=df386438633e12d5,http://in.indeed.com/job/web-developer-df386438633e12d5,Web Developer,FIPRAS INTERNATIONAL PVT LTD,"TN, IN",2026-06-18,fulltime,,,,,,False,,,,,"We are looking for an experienced **Web Developer** to design, develop, and deploy modern, scalable, and secure web applications. The ideal candidate is a hands\-on technical leader with expertise across front\-end, back\-end, cloud infrastructure, DevOps, cybersecurity, AI integrations, and enterprise architecture.

**1\. Advanced Programming \& Frameworks**

* Deep knowledge of **HTML, CSS, JavaScript** plus back\-end languages like **Python, PHP, Java, Ruby**.
* Expertise in frameworks: **React, Angular, Vue.js** (front\-end) and **Node.js, Django, Laravel** (back\-end).
* Strong database management with **SQL/NoSQL**.

**2\. System Architecture \& Scalability**

* Designing scalable, modular applications.
* Implementing **microservices** and **API integrations**.
* Cloud\-native development using **AWS, Azure, Google Cloud**.

**3\. Performance Optimization**

* Advanced techniques for **load balancing, caching, and CDN integration**.
* SEO\-friendly architecture and mobile\-first design.
* Monitoring tools (New Relic, Lighthouse) for continuous performance checks.

**4\. Cybersecurity \& Compliance**

* Secure coding practices (encryption, authentication, input validation).
* Familiarity with **OWASP Top 10** vulnerabilities.
* Compliance with **GDPR, HIPAA, and contractual obligations**.

**5\. DevOps \& Automation**

* CI/CD pipelines for automated testing and deployment.
* Containerization with **Docker, Kubernetes**.
* Infrastructure as Code (Terraform, Ansible).

**6\. Leadership \& Collaboration**

* Mentoring junior developers and conducting code reviews.
* Strong communication with cross\-functional teams (QA, design, product).
* Agile/Scrum project management experience.

**7\. Emerging Technologies**

* **Progressive Web Apps (PWAs)** for hybrid experiences.
* **AI\-powered personalization and chatbots**.
* **Web3, blockchain, and decentralized apps**.
* **AR/VR integration** for immersive web experiences.

Pay: ₹10,093\.63 \- ₹45,712\.21 per month

Education:

* Bachelor's (Preferred)

Experience:

* Web development: 3 years (Required)

Work Location: In person",,https://in.indeed.com/cmp/Fipras-International-Pvt-Ltd-2,,,,,,,,,,,,
in-3591d5f22dd0b367,indeed,https://in.indeed.com/viewjob?jk=3591d5f22dd0b367,http://in.indeed.com/job/full-stack-developer-aws-devops-engineer-3591d5f22dd0b367,Full Stack Developer (AWS & DevOps Engineer),Beetloop Global Solutions Private Limited,"TN, IN",2026-06-18,fulltime,,,,,,False,,,,careers@beetloop.com,"Job Title: Full Stack Developer (AWS \& DevOps)

Job Summary

We are seeking a highly skilled **Full Stack Developer with AWS and DevOps expertise** to design, develop, deploy, and maintain scalable web applications. The candidate will be responsible for end\-to\-end development, cloud infrastructure management, and automated deployment processes.

Key Responsibilities

Full Stack Development

* Develop and maintain frontend applications (React / Angular / Vue.js)
* Build backend services and APIs (Node.js / Java )
* Design and manage databases (MySQL, MongoDB ,spring boot)
* Ensure responsive design and cross\-platform compatibility

AWS Cloud Management

* Deploy and manage applications on Amazon Web Services
* Work with services like EC2, S3, RDS, Lambda
* Configure cloud infrastructure, networking, and security (IAM, VPC)
* Monitor performance and optimize cloud resources

DevOps \& Deployment

* Build and maintain CI/CD pipelines (Jenkins, GitHub Actions)
* Automate build, test, and deployment processes
* Use Docker for containerization and Kubernetes (optional)
* Implement monitoring, logging, and alerting systems

Required Skills

* Strong knowledge of frontend \& backend technologies
* Experience with cloud platforms (AWS preferred)
* Hands\-on experience in CI/CD and DevOps tools
* Knowledge of REST APIs and microservices architecture
* Familiarity with version control systems (Git)

Qualification

* Bachelor’s degree in Computer Science, IT, or related field
* 2–5\+ years of relevant experience (can adjust based on requirement)

KRA (Key Responsibility Areas)

* Application development and delivery
* Cloud infrastructure uptime and performance
* Deployment automation efficiency
* Bug resolution and system stability

KPI (Key Performance Indicators)

* Deployment success rate (%)
* Application uptime (e.g., 99\.9%)
* Page load time / performance metrics
* Number of production issues resolved
* CI/CD pipeline efficiency

Preferred Skills (Good to Have)

* Experience with microservices architecture
* Knowledge of Infrastructure as Code (Terraform)
* Exposure to Agile/Scrum methodology

**How to Apply**

Interested candidates can send their updated resume to: **careers@beetloop.com**

**Contact :** 87544 46692

Job Type: Full\-time

Pay: ₹20,000\.00 \- ₹30,000\.00 per month

Work Location: In person",,https://in.indeed.com/cmp/Beetloop-Global-Solutions-Private-Limited,,,,,,,,,,,,
li-4430365908,linkedin,https://www.linkedin.com/jobs/view/4430365908,,"Assoc, FrontEnd Eng, WRB Tech",Standard Chartered India,"Bengaluru East, Karnataka, India",2026-06-22,,,,,,,False,,,,,,,https://www.linkedin.com/company/standard-chartered-india,,,,,,,,,,,,
li-4428243348,linkedin,https://www.linkedin.com/jobs/view/4428243348,,Web Developer,GRETA ENERGY LIMITED,"Nagpur, Maharashtra, India",2026-06-22,,,,,,,False,,,,,,,https://in.linkedin.com/company/greta-energy-limited,,,,,,,,,,,,
li-4431681008,linkedin,https://www.linkedin.com/jobs/view/4431681008,,Full stack Architect,Mavenberg Innovations,"Bangalore Urban, Karnataka, India",2026-06-22,,,,,,,False,,,,,,,https://in.linkedin.com/company/mavenberg-innovations-india-private-limited,,,,,,,,,,,,
li-4372977514,linkedin,https://www.linkedin.com/jobs/view/4372977514,,Sr Full Stack Engineer - AI Platform,Teradata,"Hyderabad, Telangana, India",2026-06-22,,,,,,,False,,,,,,,https://www.linkedin.com/company/teradata,,,,,,,,,,,,
li-4391709172,linkedin,https://www.linkedin.com/jobs/view/4391709172,,Web Developer,Accenture in India,"Hyderabad, Telangana, India",2026-06-21,,,,,,,False,,,,,,,https://in.linkedin.com/company/accentureindia,,,,,,,,,,,,
li-4431606871,linkedin,https://www.linkedin.com/jobs/view/4431606871,,Freelance Web Developer,Payo AI,,2026-06-21,,,,,,,False,,,,,,,https://www.linkedin.com/company/trypayo,,,,,,,,,,,,
li-4430322725,linkedin,https://www.linkedin.com/jobs/view/4430322725,,Full Stack Developer,hackajob,"Pune Division, Maharashtra, India",2026-06-21,,,,,,,False,,,,,,,https://uk.linkedin.com/company/hackajob,,,,,,,,,,,,
li-4428584368,linkedin,https://www.linkedin.com/jobs/view/4428584368,,Full Stack Engineer - Internal Audit,Cloudflare,"Bengaluru, Karnataka, India",2026-06-21,,,,,,,False,,,,,,,https://www.linkedin.com/company/cloudflare,,,,,,,,,,,,
li-4430072707,linkedin,https://www.linkedin.com/jobs/view/4430072707,,Vue.js Developer,Atlanta Systems Pvt. Ltd.,"New Delhi, Delhi, India",2026-06-20,,,,,,,False,,,,,,,https://in.linkedin.com/company/atlanta-systems-pvt-ltd,,,,,,,,,,,,
li-4431324013,linkedin,https://www.linkedin.com/jobs/view/4431324013,,Freelance Frontend Developer (Landing Pages & Websites),Mindrift,,2026-06-20,,,,,,,False,,,,,,,https://www.linkedin.com/company/mindrift-ai,,,,,,,,,,,,
li-4431308936,linkedin,https://www.linkedin.com/jobs/view/4431308936,,Freelance Frontend Developer (Landing Pages & Websites),Mindrift,,2026-06-20,,,,,,,False,,,,,,,https://www.linkedin.com/company/mindrift-ai,,,,,,,,,,,,
li-4337803436,linkedin,https://www.linkedin.com/jobs/view/4337803436,,Web Developer,Accenture in India,,2026-06-20,,,,,,,False,,,,,,,https://in.linkedin.com/company/accentureindia,,,,,,,,,,,,
li-4431321579,linkedin,https://www.linkedin.com/jobs/view/4431321579,,Freelance Full-Stack Web App Developer,Mindrift,,2026-06-20,,,,,,,False,,,,,,,https://www.linkedin.com/company/mindrift-ai,,,,,,,,,,,,
li-4431329532,linkedin,https://www.linkedin.com/jobs/view/4431329532,,Freelance Full-Stack Web App Developer,Mindrift,"Bengaluru, Karnataka, India",2026-06-20,,,,,,,False,,,,,,,https://www.linkedin.com/company/mindrift-ai,,,,,,,,,,,,
li-4431331467,linkedin,https://www.linkedin.com/jobs/view/4431331467,,Freelance Full-Stack Web App Developer,Mindrift,"New Delhi, Delhi, India",2026-06-20,,,,,,,False,,,,,,,https://www.linkedin.com/company/mindrift-ai,,,,,,,,,,,,
li-4411710396,linkedin,https://www.linkedin.com/jobs/view/4411710396,,Senior Full Stack Engineer,Accedo.tv,"Noida, Uttar Pradesh, India",2026-06-20,,,,,,,False,,,,,,,https://se.linkedin.com/company/accedo-tv,,,,,,,,,,,,
li-4430018480,linkedin,https://www.linkedin.com/jobs/view/4430018480,,Vue JS,Infosys,"Bengaluru East, Karnataka, India",2026-06-19,,,,,,,False,,,,,,,https://in.linkedin.com/company/infosys,,,,,,,,,,,,
li-4430936547,linkedin,https://www.linkedin.com/jobs/view/4430936547,,Intermediate Developer - Vue JS [T500-26808],CIBC India,"Hyderabad, Telangana, India",2026-06-19,,,,,,,False,,,,,,,https://in.linkedin.com/company/cibc-india,,,,,,,,,,,,
li-4417909712,linkedin,https://www.linkedin.com/jobs/view/4417909712,,Lead Front End Engineer,M&G India,"Mumbai, Maharashtra, India",2026-06-19,,,,,,,False,,,,,,,https://in.linkedin.com/company/mandgindia,,,,,,,,,,,,
li-4421717502,linkedin,https://www.linkedin.com/jobs/view/4421717502,,Software Specialist Engineer II - Full Stack Software Engineer,Deloitte,"Hyderabad, Telangana, India",2026-06-19,,,,,,,False,,,,,,,https://www.linkedin.com/company/deloitte,,,,,,,,,,,,
li-4429630847,linkedin,https://www.linkedin.com/jobs/view/4429630847,,Lead UI Developer (React),QuinStreet,"Pune City, Maharashtra, India",2026-06-19,,,,,,,False,,,,,,,https://www.linkedin.com/company/quinstreet,,,,,,,,,,,,
li-4430956267,linkedin,https://www.linkedin.com/jobs/view/4430956267,,Full Stack Engineer,Crescendo Global,"Bengaluru, Karnataka, India",2026-06-19,,,,,,,False,,,,,,,https://in.linkedin.com/company/crescendo-global,,,,,,,,,,,,
li-4430465276,linkedin,https://www.linkedin.com/jobs/view/4430465276,,Senior Frontend Engineer,Schaeffler,"Pune Division, Maharashtra, India",2026-06-18,,,,,,,False,,,,,,,https://de.linkedin.com/company/schaeffler,,,,,,,,,,,,
li-4429367580,linkedin,https://www.linkedin.com/jobs/view/4429367580,,Lead Frontend Engineer,Vriba Solutions,"Hyderabad, Telangana, India",2026-06-18,,,,,,,False,,,,,,,https://www.linkedin.com/company/vribasolutions,,,,,,,,,,,,
li-4409261527,linkedin,https://www.linkedin.com/jobs/view/4409261527,,Full Stack Engineer (Node.Js and Vue.Js/React.Js),Vonage,"Bengaluru, Karnataka, India",2026-06-18,,,,,,,False,,,,,,,https://www.linkedin.com/company/vonage,,,,,,,,,,,,
li-4429059160,linkedin,https://www.linkedin.com/jobs/view/4429059160,,Web Developer Intern,AutomateBuddy Technologies Private Limited,"Navi Mumbai, Maharashtra, India",2026-06-18,,,,,,,False,,,,,,,https://in.linkedin.com/company/automatebuddy,,,,,,,,,,,,
li-4337813408,linkedin,https://www.linkedin.com/jobs/view/4337813408,,Web Developer,Accenture in India,,2026-06-18,,,,,,,False,,,,,,,https://in.linkedin.com/company/accentureindia,,,,,,,,,,,,
li-4427875423,linkedin,https://www.linkedin.com/jobs/view/4427875423,,Web Developer Associate,Accenture in India,"Mumbai, Maharashtra, India",2026-06-18,,,,,,,False,,,,,,,https://in.linkedin.com/company/accentureindia,,,,,,,,,,,,
li-4430432336,linkedin,https://www.linkedin.com/jobs/view/4430432336,,Full Stack Developer,Sarvotam Solutions,"Ahmedabad, Gujarat, India",2026-06-18,,,,,,,False,,,,,,,https://in.linkedin.com/company/sarvotam-solutions,,,,,,,,,,,,
li-4429025460,linkedin,https://www.linkedin.com/jobs/view/4429025460,,Frontend Developer(React/SolidJS) (3 to 7 Years),Airtel Digital,"Gurugram, Haryana, India",2026-06-18,,,,,,,False,,,,,,,https://in.linkedin.com/company/airtel-digital,,,,,,,,,,,,
li-4429041379,linkedin,https://www.linkedin.com/jobs/view/4429041379,,AVP- Engineering(Frontend Heavy),Baazi Games,"Delhi, India",2026-06-18,,,,,,,False,,,,,,,https://in.linkedin.com/company/baazi-games,,,,,,,,,,,,
li-4430480630,linkedin,https://www.linkedin.com/jobs/view/4430480630,,Software Engineer Full Stack .NET Developer,Moody's Corporation,"Sadar, Uttar Pradesh, India",2026-06-18,,,,,,,False,,,,,,,https://www.linkedin.com/company/moodys-corporation,,,,,,,,,,,,
li-4427304087,linkedin,https://www.linkedin.com/jobs/view/4427304087,,Vue.js/Nuxt Developer - Remote,YO IT Consulting,"Pune Division, Maharashtra, India",2026-06-17,,,,,,,True,,,,,,,https://ae.linkedin.com/company/yohritconsulting,,,,,,,,,,,,
li-4427317073,linkedin,https://www.linkedin.com/jobs/view/4427317073,,Vue.js/Nuxt Developer - Remote,YO IT Consulting,"Delhi, Delhi, India",2026-06-17,,,,,,,True,,,,,,,https://ae.linkedin.com/company/yohritconsulting,,,,,,,,,,,,
li-4428747086,linkedin,https://www.linkedin.com/jobs/view/4428747086,,Full Stack Engineer,ClearGrid,"Bengaluru, Karnataka, India",2026-06-17,,,,,,,False,,,,,,,https://ae.linkedin.com/company/cleargrid-ai,,,,,,,,,,,,
li-4408194138,linkedin,https://www.linkedin.com/jobs/view/4408194138,,Web Developer,Accenture in India,,2026-06-17,,,,,,,False,,,,,,,https://in.linkedin.com/company/accentureindia,,,,,,,,,,,,
li-4428475445,linkedin,https://www.linkedin.com/jobs/view/4428475445,,"Expert, Full Stack Development",Colgate-Palmolive,,2026-06-17,,,,,,,False,,,,,,,https://www.linkedin.com/company/colgate-palmolive,,,,,,,,,,,,
li-4428484292,linkedin,https://www.linkedin.com/jobs/view/4428484292,,"Expert, Full Stack Development",Colgate-Palmolive,,2026-06-17,,,,,,,False,,,,,,,https://www.linkedin.com/company/colgate-palmolive,,,,,,,,,,,,
li-4427381300,linkedin,https://www.linkedin.com/jobs/view/4427381300,,ESRI Web Developer,ZettaMine Labs Pvt. Ltd.,"Mumbai, Maharashtra, India",2026-06-17,,,,,,,False,,,,,,,https://in.linkedin.com/company/zettamine-technologies,,,,,,,,,,,,
li-4399529358,linkedin,https://www.linkedin.com/jobs/view/4399529358,,Software Development - Full Stack with Digital Engineering,WSP in India,"Bengaluru, Karnataka, India",2026-06-17,,,,,,,False,,,,,,,https://in.linkedin.com/company/wsp-consultants-india-ltd,,,,,,,,,,,,
li-4417226430,linkedin,https://www.linkedin.com/jobs/view/4417226430,,Senior Fullstack Engineer(Contract-12 months),Electronic Arts (EA),"Hyderabad, Telangana, India",2026-06-17,,,,,,,False,,,,,,,https://www.linkedin.com/company/electronic-arts,,,,,,,,,,,,
li-4399694486,linkedin,https://www.linkedin.com/jobs/view/4399694486,,Full Stack Developer,ValueMomentum,"Hyderabad, Telangana, India",2026-06-17,,,,,,,False,,,,,,,https://www.linkedin.com/company/valuemomentum,,,,,,,,,,,,
li-4428479694,linkedin,https://www.linkedin.com/jobs/view/4428479694,,Front End Developer - Fresher,ZYPHRA TECH,,2026-06-16,,,,,,,False,,,,,,,https://www.linkedin.com/company/zyphra-tech,,,,,,,,,,,,
li-4415242473,linkedin,https://www.linkedin.com/jobs/view/4415242473,,Web Developer,Accenture in India,"Bengaluru, Karnataka, India",2026-06-16,,,,,,,False,,,,,,,https://in.linkedin.com/company/accentureindia,,,,,,,,,,,,
li-4426851472,linkedin,https://www.linkedin.com/jobs/view/4426851472,,Web Developer,Accenture in India,"Bengaluru, Karnataka, India",2026-06-16,,,,,,,False,,,,,,,https://in.linkedin.com/company/accentureindia,,,,,,,,,,,,
li-4426867343,linkedin,https://www.linkedin.com/jobs/view/4426867343,,Web Developer,Accenture in India,,2026-06-16,,,,,,,False,,,,,,,https://in.linkedin.com/company/accentureindia,,,,,,,,,,,,
li-4399541237,linkedin,https://www.linkedin.com/jobs/view/4399541237,,Software Development - Full Stack with Digital Engineering,WSP in India,"Noida, Uttar Pradesh, India",2026-06-16,,,,,,,False,,,,,,,https://in.linkedin.com/company/wsp-consultants-india-ltd,,,,,,,,,,,,
li-4429515181,linkedin,https://www.linkedin.com/jobs/view/4429515181,,UI React - Senior Engineer,Iris Software Inc.,"Noida, Uttar Pradesh, India",2026-06-16,,,,,,,False,,,,,,,https://www.linkedin.com/company/iris-software-inc.,,,,,,,,,,,,
li-4421805581,linkedin,https://www.linkedin.com/jobs/view/4421805581,,"Vue JS| 6 to 9 Years| Mumbai,Bangalore,Pune",Capgemini,"Pune Division, Maharashtra, India",,,,,,,,False,,,,,,,https://fr.linkedin.com/company/capgemini,,,,,,,,,,,,
li-4428973035,linkedin,https://www.linkedin.com/jobs/view/4428973035,,AEM Front End Developer (Bangalore/Chennai),Tech Mahindra,"Bengaluru, Karnataka, India",,,,,,,,False,,,,,,,https://in.linkedin.com/company/tech-mahindra,,,,,,,,,,,,
li-4430884843,linkedin,https://www.linkedin.com/jobs/view/4430884843,,Front End Developer Intern | HTML | CSS | JavaScript | Responsive Design | Remote,Skillzenloop,,,,,,,,,True,,,,,,,https://in.linkedin.com/company/skillzenloop,,,,,,,,,,,,
li-4431785663,linkedin,https://www.linkedin.com/jobs/view/4431785663,,UI Developer/Frontend Developer/Software Engineer,Openprise,"Hyderabad, Telangana, India",,,,,,,,False,,,,,,,https://www.linkedin.com/company/openprise,,,,,,,,,,,,
li-4432222127,linkedin,https://www.linkedin.com/jobs/view/4432222127,,Front-End Development Intern,Webs IT Solution,,,,,,,,,False,,,,,,,https://www.linkedin.com/company/webs-it-solution,,,,,,,,,,,,
li-4432090723,linkedin,https://www.linkedin.com/jobs/view/4432090723,,Senior Front-End Developer (Svelte / Modern JS Frameworks) - (REMOTE),Charles River Laboratories,,,,,,,,,True,,,,,,,https://www.linkedin.com/company/charles-river-laboratories,,,,,,,,,,,,
li-4431711051,linkedin,https://www.linkedin.com/jobs/view/4431711051,,"Senior Engineer, AEM Front-end",Code and Theory,"Bengaluru, Karnataka, India",,,,,,,,False,,,,,,,https://www.linkedin.com/company/codeandtheory,,,,,,,,,,,,
li-4432226250,linkedin,https://www.linkedin.com/jobs/view/4432226250,,Technical Lead - Frontend (JavaScript),EvoluteIQ,"Bengaluru, Karnataka, India",,,,,,,,False,,,,,,,https://se.linkedin.com/company/evoluteiq,,,,,,,,,,,,
li-4432220368,linkedin,https://www.linkedin.com/jobs/view/4432220368,,"Senior Software Engineer, Actimize (Java/Python, UI, AI)",NiCE,"Pune City, Maharashtra, India",,,,,,,,False,,,,,,,https://www.linkedin.com/company/nice-systems,,,,,,,,,,,,
li-4430870975,linkedin,https://www.linkedin.com/jobs/view/4430870975,,Full Stack Engineer,Talentgigs,"Coimbatore, Tamil Nadu, India",,,,,,,,False,,,,,,,https://in.linkedin.com/company/talentgigs,,,,,,,,,,,,
li-4431219806,linkedin,https://www.linkedin.com/jobs/view/4431219806,,"Assoc, FrontEnd Eng - Android, WRB Tech",Standard Chartered India,"Bengaluru East, Karnataka, India",,,,,,,,False,,,,,,,https://www.linkedin.com/company/standard-chartered-india,,,,,,,,,,,,
li-4432052869,linkedin,https://www.linkedin.com/jobs/view/4432052869,,Full Stack Engineer - AI/LLM Applications,BeeHyv Software,"Hyderabad, Telangana, India",,,,,,,,False,,,,,,,https://www.linkedin.com/company/beehyv-software-solutions-private-limited,,,,,,,,,,,,
li-4431221118,linkedin,https://www.linkedin.com/jobs/view/4431221118,,Frontend Developer,Socyio,"Noida, Uttar Pradesh, India",,,,,,,,False,,,,,,,https://in.linkedin.com/company/socyio,,,,,,,,,,,,
li-4429468077,linkedin,https://www.linkedin.com/jobs/view/4429468077,,Full Stack Engineer,IT Ridge Technologies,"Hyderabad, Telangana, India",,,,,,,,False,,,,,,,https://za.linkedin.com/company/https-itridge-tech.com-,,,,,,,,,,,,
li-4431206849,linkedin,https://www.linkedin.com/jobs/view/4431206849,,Full Stack Engineer,Silicon IT Hub,"Ahmedabad, Gujarat, India",,,,,,,,False,,,,,,,https://in.linkedin.com/company/silicon-it-hub-pvt-ltd,,,,,,,,,,,,
li-4429429906,linkedin,https://www.linkedin.com/jobs/view/4429429906,,Experienced Software Engineer – Full Stack,Boeing,"Bengaluru, Karnataka, India",,,,,,,,False,,,,,,,https://www.linkedin.com/company/boeing,,,,,,,,,,,,
li-4431739059,linkedin,https://www.linkedin.com/jobs/view/4431739059,,Full Stack Engineer,Eximius AI,"Noida, Uttar Pradesh, India",,,,,,,,False,,,,,,,https://www.linkedin.com/company/eximius-ai,,,,,,,,,,,,
li-4431218389,linkedin,https://www.linkedin.com/jobs/view/4431218389,,Full Stack Engineer,mthree,"Bengaluru, Karnataka, India",,,,,,,,False,,,,,,,https://uk.linkedin.com/company/mthree,,,,,,,,,,,,
